"matchNo","team","batsman","dismissal","runs","balls","minutes","fours","sixes","strikeRate"
"1","Sunrisers Hyderabad","TM Head","c Salt b Duffy","11","9","17","2","0","122.22"
"1","Sunrisers Hyderabad","Abhishek Sharma","c †Sharma b Duffy","7","8","12","0","1","87.5"
"1","Sunrisers Hyderabad","Ishan Kishan (c) †","c Salt b Abhinandan Singh","80","38","73","8","5","210.52"
"1","Sunrisers Hyderabad","K Nitish Kumar Reddy","c Abhinandan Singh b Duffy","1","6","6","0","0","16.66"
"1","Sunrisers Hyderabad","H Klaasen","c Salt b Shepherd","31","22","42","2","1","140.9"
"1","Sunrisers Hyderabad","S Arora","c Padikkal b Suyash Sharma","9","6","6","0","1","150"
"1","Sunrisers Hyderabad","AU Verma","c Kohli b Shepherd","43","18","29","3","4","238.88"
"1","Sunrisers Hyderabad","HS Dubey","c Padikkal b Shepherd","3","3","5","0","0","100"
"1","Sunrisers Hyderabad","HV Patel","c Padikkal b Kumar","0","2","4","0","0","0"
"1","Sunrisers Hyderabad","DA Payne","not out","6","5","11","0","0","120"
"1","Sunrisers Hyderabad","JD Unadkat","not out","4","3","4","0","0","133.33"
"1","Royal Challengers Bengaluru","PD Salt","c Klaasen b Unadkat","8","7","6","2","0","114.28"
"1","Royal Challengers Bengaluru","V Kohli","not out","69","38","84","5","5","181.57"
"1","Royal Challengers Bengaluru","D Padikkal","c Klaasen b Dubey","61","26","36","7","4","234.61"
"1","Royal Challengers Bengaluru","RM Patidar (c)","c Dubey b Payne","31","12","19","2","3","258.33"
"1","Royal Challengers Bengaluru","JM Sharma †","c Unadkat b Payne","0","1","1","0","0","0"
"1","Royal Challengers Bengaluru","TH David","not out","16","10","18","1","1","160"
"2","Kolkata Knight Riders","AM Rahane (c)","c Pandya b Thakur","67","40","69","3","5","167.5"
"2","Kolkata Knight Riders","FH Allen","c Tilak Varma b Thakur","37","17","26","6","2","217.64"
"2","Kolkata Knight Riders","C Green","c Rutherford b Thakur","18","10","18","1","1","180"
"2","Kolkata Knight Riders","A Raghuvanshi †","c Tilak Varma b Pandya","51","29","50","6","2","175.86"
"2","Kolkata Knight Riders","RK Singh","not out","33","21","34","4","0","157.14"
"2","Kolkata Knight Riders","Ramandeep Singh","not out","4","4","8","0","0","100"
"2","Mumbai Indians","RD Rickelton †","run out (Roy)","81","43","82","4","8","188.37"
"2","Mumbai Indians","RG Sharma","c Roy b Arora","78","38","61","6","6","205.26"
"2","Mumbai Indians","SA Yadav","c Singh b Kartik Tyagi","16","8","11","3","0","200"
"2","Mumbai Indians","NT Tilak Varma","c sub (MK Pandey) b Narine","20","14","25","4","0","142.85"
"2","Mumbai Indians","HH Pandya (c)","not out","18","11","20","3","0","163.63"
"2","Mumbai Indians","Naman Dhir","not out","5","2","3","1","0","250"
"3","Chennai Super Kings","SV Samson †","b Burger","6","7","11","1","0","85.71"
"3","Chennai Super Kings","RD Gaikwad (c)","b Archer","6","11","17","1","0","54.54"
"3","Chennai Super Kings","A Mhatre","c †Jurel b Burger","0","1","7","0","0","0"
"3","Chennai Super Kings","MW Short","c Jaiswal b Sandeep Sharma","2","7","18","0","0","28.57"
"3","Chennai Super Kings","SN Khan","lbw b Jadeja","17","12","21","2","1","141.66"
"3","Chennai Super Kings","Kartik Sharma","lbw b Brijesh Sharma","18","15","24","0","1","120"
"3","Chennai Super Kings","S Dube","c Ravi Bishnoi b Jadeja","6","4","2","0","1","150"
"3","Chennai Super Kings","J Overton","not out","43","36","61","2","2","119.44"
"3","Chennai Super Kings","Noor Ahmad","c †Jurel b Archer","1","9","9","0","0","11.11"
"3","Chennai Super Kings","MJ Henry","c & b Ravi Bishnoi","5","7","16","1","0","71.42"
"3","Chennai Super Kings","A Kamboj","run out (Hetmyer/†Jurel)","7","10","20","1","0","70"
"3","Rajasthan Royals","YBK Jaiswal","not out","38","36","63","3","1","105.55"
"3","Rajasthan Royals","V Sooryavanshi","c Khan b Kamboj","52","17","31","4","5","305.88"
"3","Rajasthan Royals","DC Jurel †","b Kamboj","18","9","10","4","0","200"
"3","Rajasthan Royals","R Parag (c)","not out","14","11","18","1","1","127.27"
"4","Gujarat Titans","B Sai Sudharsan","c Iyer b Jansen","13","11","18","2","0","118.18"
"4","Gujarat Titans","Shubman Gill (c)","c Connolly b Chahal","39","27","48","6","0","144.44"
"4","Gujarat Titans","JC Buttler †","c Bartlett b Chahal","38","33","62","3","2","115.15"
"4","Gujarat Titans","GD Phillips","c Jansen b Vyshak","25","17","21","1","1","147.05"
"4","Gujarat Titans","Washington Sundar","c Arshdeep Singh b Vyshak","18","16","24","2","0","112.5"
"4","Gujarat Titans","M Shahrukh Khan","c Arshdeep Singh b Vyshak","4","6","23","0","0","66.66"
"4","Gujarat Titans","R Tewatia","not out","11","10","18","1","0","110"
"4","Gujarat Titans","Rashid Khan","not out","0","1","6","0","0","0"
"4","Punjab Kings","P Arya","c Ashok Sharma b Rabada","7","8","6","0","1","87.5"
"4","Punjab Kings","Prabhsimran Singh †","c Prasidh Krishna b Rashid Khan","37","24","43","1","4","154.16"
"4","Punjab Kings","CPL Connolly","not out","72","44","95","5","5","163.63"
"4","Punjab Kings","SS Iyer (c)","c Washington Sundar b Prasidh Krishna","18","11","14","0","2","163.63"
"4","Punjab Kings","N Wadhera","c Shubman Gill b Washington Sundar","3","6","4","0","0","50"
"4","Punjab Kings","Shashank Singh","c †Buttler b Prasidh Krishna","4","5","5","0","0","80"
"4","Punjab Kings","MP Stoinis","c Rashid Khan b Prasidh Krishna","0","2","1","0","0","0"
"4","Punjab Kings","M Jansen","c Shubman Gill b Ashok Sharma","9","10","17","0","1","90"
"4","Punjab Kings","XC Bartlett","not out","11","5","10","0","1","220"
"5","Lucknow Super Giants","MR Marsh","c Stubbs b Kuldeep Yadav","35","28","53","2","3","125"
"5","Lucknow Super Giants","RR Pant (c) †","run out","7","9","16","1","0","77.77"
"5","Lucknow Super Giants","AK Markram","b Patel","11","8","12","1","1","137.5"
"5","Lucknow Super Giants","A Badoni","c †Rahul b Natarajan","0","3","4","0","0","0"
"5","Lucknow Super Giants","N Pooran","b Ngidi","8","8","11","1","0","100"
"5","Lucknow Super Giants","Abdul Samad","c Miller b Natarajan","36","25","43","3","1","144"
"5","Lucknow Super Giants","MD Choudhary","c & b Kuldeep Yadav","14","11","15","2","0","127.27"
"5","Lucknow Super Giants","Shahbaz Ahmed","not out","15","16","29","1","0","93.75"
"5","Lucknow Super Giants","Mohammed Shami","c Kuldeep Yadav b Natarajan","1","2","2","0","0","50"
"5","Lucknow Super Giants","A Nortje","c Stubbs b Ngidi","0","1","2","0","0","0"
"5","Lucknow Super Giants","Mohsin Khan","c Mukesh Kumar b Ngidi","0","1","1","0","0","0"
"5","Delhi Capitals","KL Rahul †","c Mohsin Khan b Mohammed Shami","0","1","1","0","0","0"
"5","Delhi Capitals","P Nissanka","c †Pant b Prince Yadav","1","5","26","0","0","20"
"5","Delhi Capitals","N Rana","c Abdul Samad b Mohsin Khan","15","17","18","2","1","88.23"
"5","Delhi Capitals","Sameer Rizvi","not out","70","47","77","5","4","148.93"
"5","Delhi Capitals","AR Patel (c)","b Prince Yadav","0","1","2","0","0","0"
"5","Delhi Capitals","T Stubbs","not out","39","32","67","3","1","121.87"
"6","Sunrisers Hyderabad","TM Head","c Green b Kartik Tyagi","46","21","28","6","3","219.04"
"6","Sunrisers Hyderabad","Abhishek Sharma","c Varun b Muzarabani","48","21","48","4","4","228.57"
"6","Sunrisers Hyderabad","Ishan Kishan (c) †","c Singh b Muzarabani","14","9","15","3","0","155.55"
"6","Sunrisers Hyderabad","H Klaasen","c Ramandeep Singh b Muzarabani","52","35","63","4","1","148.57"
"6","Sunrisers Hyderabad","AU Verma","c Singh b Roy","1","4","5","0","0","25"
"6","Sunrisers Hyderabad","K Nitish Kumar Reddy","c Varun b Arora","39","24","41","4","1","162.5"
"6","Sunrisers Hyderabad","S Arora","b Arora","0","1","1","0","0","0"
"6","Sunrisers Hyderabad","HS Dubey","not out","9","3","10","2","0","300"
"6","Sunrisers Hyderabad","Shivang Kumar","c Rahane b Muzarabani","4","2","2","1","0","200"
"6","Kolkata Knight Riders","AM Rahane (c)","c Malinga b Unadkat","8","10","8","0","0","80"
"6","Kolkata Knight Riders","FH Allen","c & b Dubey","28","7","22","4","2","400"
"6","Kolkata Knight Riders","A Raghuvanshi †","run out (Malinga/Shivang Kumar)","52","29","48","6","2","179.31"
"6","Kolkata Knight Riders","C Green","run out (Malinga)","2","2","7","0","0","100"
"6","Kolkata Knight Riders","RK Singh","c Unadkat b Nitish Kumar Reddy","35","25","39","4","1","140"
"6","Kolkata Knight Riders","AS Roy","c †Ishan Kishan b Nitish Kumar Reddy","0","2","2","0","0","0"
"6","Kolkata Knight Riders","Ramandeep Singh","c Unadkat b Malinga","10","9","22","1","0","111.11"
"6","Kolkata Knight Riders","SP Narine","c Verma b Malinga","12","4","7","0","2","300"
"6","Kolkata Knight Riders","Kartik Tyagi","c †Ishan Kishan b Unadkat","5","5","7","1","0","100"
"6","Kolkata Knight Riders","VG Arora","not out","1","2","8","0","0","50"
"6","Kolkata Knight Riders","CV Varun","b Unadkat","0","1","1","0","0","0"
"7","Chennai Super Kings","SV Samson †","c †Prabhsimran Singh b Bartlett","7","7","10","1","0","100"
"7","Chennai Super Kings","RD Gaikwad (c)","c Wadhera b Chahal","28","22","59","2","0","127.27"
"7","Chennai Super Kings","A Mhatre","c Chahal b Vyshak","73","43","56","6","5","169.76"
"7","Chennai Super Kings","S Dube","not out","45","27","59","5","1","166.66"
"7","Chennai Super Kings","Kartik Sharma","lbw b Jansen","1","3","9","0","0","33.33"
"7","Chennai Super Kings","SN Khan","c Wadhera b Vyshak","32","12","16","6","1","266.66"
"7","Chennai Super Kings","PR Veer","not out","6","7","24","1","0","85.71"
"7","Punjab Kings","P Arya","b Henry","39","11","21","3","4","354.54"
"7","Punjab Kings","Prabhsimran Singh †","run out (Khan/Gaikwad)","43","34","46","6","1","126.47"
"7","Punjab Kings","CPL Connolly","c Henry b Kamboj","36","22","37","6","0","163.63"
"7","Punjab Kings","SS Iyer (c)","c Chahar b Kamboj","50","29","40","4","3","172.41"
"7","Punjab Kings","N Wadhera","c Noor Ahmad b Henry","10","9","27","0","1","111.11"
"7","Punjab Kings","Shashank Singh","not out","14","6","12","2","0","233.33"
"7","Punjab Kings","MP Stoinis","not out","9","3","10","2","0","300"
"8","Mumbai Indians","RD Rickelton †","c Patel b Mukesh Kumar","9","11","12","2","0","81.81"
"8","Mumbai Indians","RG Sharma","c Rana b Patel","35","26","46","5","1","134.61"
"8","Mumbai Indians","NT Tilak Varma","c & b Mukesh Kumar","0","2","2","0","0","0"
"8","Mumbai Indians","SA Yadav (c)","lbw b Ngidi","51","36","58","3","2","141.66"
"8","Mumbai Indians","SE Rutherford","c Mukesh Kumar b Nigam","5","7","9","1","0","71.42"
"8","Mumbai Indians","Naman Dhir","c Stubbs b Natarajan","28","21","37","2","1","133.33"
"8","Mumbai Indians","MJ Santner","not out","18","13","26","2","0","138.46"
"8","Mumbai Indians","C Bosch","not out","11","4","10","2","0","275"
"8","Delhi Capitals","KL Rahul †","c †Rickelton b Chahar","1","3","3","0","0","33.33"
"8","Delhi Capitals","P Nissanka","c Markande b Santner","44","30","47","6","1","146.66"
"8","Delhi Capitals","N Rana","run out (Bumrah)","0","3","5","0","0","0"
"8","Delhi Capitals","Sameer Rizvi","c Tilak Varma b Bosch","90","51","73","7","7","176.47"
"8","Delhi Capitals","DA Miller","not out","21","18","44","4","0","116.66"
"8","Delhi Capitals","T Stubbs","not out","3","4","8","0","0","75"
"9","Rajasthan Royals","YBK Jaiswal","b Rabada","55","36","61","6","3","152.77"
"9","Rajasthan Royals","V Sooryavanshi","c Phillips b Rashid Khan","31","18","35","5","1","172.22"
"9","Rajasthan Royals","DC Jurel †","c †Buttler b Mohammed Siraj","75","42","71","5","5","178.57"
"9","Rajasthan Royals","R Parag (c)","c Kushagra b Prasidh Krishna","8","4","4","0","1","200"
"9","Rajasthan Royals","SO Hetmyer","c Mohammed Siraj b Ashok Sharma","18","8","14","1","2","225"
"9","Rajasthan Royals","D Ferreira","c Phillips b Rabada","1","3","6","0","0","33.33"
"9","Rajasthan Royals","RA Jadeja","not out","7","7","20","1","0","100"
"9","Rajasthan Royals","JC Archer","not out","1","2","2","0","0","50"
"9","Gujarat Titans","B Sai Sudharsan","c Deshpande b Ravi Bishnoi","73","44","53","9","3","165.9"
"9","Gujarat Titans","K Kushagra","c Hetmyer b Parag","18","14","36","3","0","128.57"
"9","Gujarat Titans","JC Buttler †","c Sandeep Sharma b Burger","26","14","27","5","0","185.71"
"9","Gujarat Titans","GD Phillips","c Archer b Ravi Bishnoi","3","4","7","0","0","75"
"9","Gujarat Titans","Washington Sundar","c Jadeja b Ravi Bishnoi","4","2","1","1","0","200"
"9","Gujarat Titans","R Tewatia","c †Jurel b Ravi Bishnoi","12","6","11","1","1","200"
"9","Gujarat Titans","M Shahrukh Khan","run out (Jadeja/†Jurel)","11","4","9","1","1","275"
"9","Gujarat Titans","Rashid Khan (c)","c Archer b Deshpande","24","16","32","3","0","150"
"9","Gujarat Titans","K Rabada","not out","23","16","31","1","2","143.75"
"9","Gujarat Titans","Ashok Sharma","not out","0","1","1","0","0","0"
"10","Sunrisers Hyderabad","TM Head","c Markram b Mohammed Shami","7","8","11","1","0","87.5"
"10","Sunrisers Hyderabad","Abhishek Sharma","c Siddharth b Mohammed Shami","0","2","4","0","0","0"
"10","Sunrisers Hyderabad","Ishan Kishan (c) †","b Prince Yadav","1","4","13","0","0","25"
"10","Sunrisers Hyderabad","LS Livingstone","c †Pant b Rathi","14","20","24","0","1","70"
"10","Sunrisers Hyderabad","H Klaasen","c †Pant b Avesh Khan","62","41","75","5","2","151.21"
"10","Sunrisers Hyderabad","K Nitish Kumar Reddy","c Prince Yadav b Siddharth","56","33","55","3","5","169.69"
"10","Sunrisers Hyderabad","AU Verma","not out","2","5","13","0","0","40"
"10","Sunrisers Hyderabad","HS Dubey","b Avesh Khan","0","1","1","0","0","0"
"10","Sunrisers Hyderabad","Shivang Kumar","b Prince Yadav","5","4","6","1","0","125"
"10","Sunrisers Hyderabad","HV Patel","run out (†Pant)","4","2","3","1","0","200"
"10","Lucknow Super Giants","AK Markram","c Livingstone b Shivang Kumar","45","27","44","6","2","166.66"
"10","Lucknow Super Giants","MR Marsh","c Nitish Kumar Reddy b Malinga","14","12","18","2","0","116.66"
"10","Lucknow Super Giants","RR Pant (c) †","not out","68","50","83","9","0","136"
"10","Lucknow Super Giants","A Badoni","st †Ishan Kishan b Dubey","12","9","12","1","0","133.33"
"10","Lucknow Super Giants","N Pooran","run out (†Ishan Kishan)","1","4","3","0","0","25"
"10","Lucknow Super Giants","Abdul Samad","c Livingstone b Dubey","16","12","23","2","0","133.33"
"10","Lucknow Super Giants","MD Choudhary","not out","2","5","14","0","0","40"
"11","Royal Challengers Bengaluru","PD Salt","c Noor Ahmad b Dube","46","30","54","3","2","153.33"
"11","Royal Challengers Bengaluru","V Kohli","c Dube b Kamboj","28","18","22","2","1","155.55"
"11","Royal Challengers Bengaluru","D Padikkal","b Overton","50","29","52","5","2","172.41"
"11","Royal Challengers Bengaluru","RM Patidar (c)","not out","48","19","55","1","6","252.63"
"11","Royal Challengers Bengaluru","TH David","not out","70","25","34","3","8","280"
"11","Chennai Super Kings","SV Samson †","c Padikkal b Duffy","9","5","14","0","1","180"
"11","Chennai Super Kings","RD Gaikwad (c)","c Padikkal b Duffy","7","3","3","0","1","233.33"
"11","Chennai Super Kings","A Mhatre","c Patidar b Kumar","1","3","3","0","0","33.33"
"11","Chennai Super Kings","SN Khan","st †Sharma b Pandya","50","25","25","8","2","200"
"11","Chennai Super Kings","Kartik Sharma","c Abhinandan Singh b Pandya","6","3","22","0","1","200"
"11","Chennai Super Kings","S Dube","c †Sharma b Abhinandan Singh","18","13","18","2","1","138.46"
"11","Chennai Super Kings","PR Veer","c Patidar b Kumar","43","29","40","6","1","148.27"
"11","Chennai Super Kings","J Overton","c sub (JG Bethell) b Suyash Sharma","37","16","33","4","2","231.25"
"11","Chennai Super Kings","A Kamboj","not out","19","12","20","1","1","158.33"
"11","Chennai Super Kings","Noor Ahmad","c Kohli b Kumar","8","8","7","0","1","100"
"11","Chennai Super Kings","MJ Henry","c Salt b Abhinandan Singh","2","3","7","0","0","66.66"
"13","Rajasthan Royals","YBK Jaiswal","not out","77","32","63","10","4","240.62"
"13","Rajasthan Royals","V Sooryavanshi","c Tilak Varma b Thakur","39","14","25","1","5","278.57"
"13","Rajasthan Royals","DC Jurel †","lbw b Ghazanfar","2","3","3","0","0","66.66"
"13","Rajasthan Royals","R Parag (c)","c Tilak Varma b Ghazanfar","20","10","14","1","2","200"
"13","Rajasthan Royals","SO Hetmyer","not out","6","7","17","0","0","85.71"
"13","Mumbai Indians","RD Rickelton †","c †Jurel b Archer","8","4","5","0","1","200"
"13","Mumbai Indians","RG Sharma","lbw b Sandeep Sharma","5","6","15","0","0","83.33"
"13","Mumbai Indians","SA Yadav","c Archer b Burger","6","3","4","0","1","200"
"13","Mumbai Indians","NT Tilak Varma","c Hetmyer b Ravi Bishnoi","14","10","19","2","0","140"
"13","Mumbai Indians","HH Pandya (c)","c Jaiswal b Ravi Bishnoi","9","6","11","2","0","150"
"13","Mumbai Indians","Naman Dhir","c Ravi Bishnoi b Burger","25","13","23","3","1","192.3"
"13","Mumbai Indians","SE Rutherford","c Sandeep Sharma b Deshpande","25","8","14","2","2","312.5"
"13","Mumbai Indians","SN Thakur","c †Jurel b Sandeep Sharma","8","7","10","1","0","114.28"
"13","Mumbai Indians","DL Chahar","not out","6","5","13","1","0","120"
"13","Mumbai Indians","TA Boult","run out (Archer)","1","2","3","0","0","50"
"13","Mumbai Indians","JJ Bumrah","not out","5","2","4","1","0","250"
"14","Gujarat Titans","B Sai Sudharsan","b Mukesh Kumar","12","7","12","2","0","171.42"
"14","Gujarat Titans","Shubman Gill (c)","c Rana b Ngidi","70","45","93","4","5","155.55"
"14","Gujarat Titans","JC Buttler †","b Kuldeep Yadav","52","27","27","3","5","192.59"
"14","Gujarat Titans","Washington Sundar","c Rana b Mukesh Kumar","55","32","63","6","2","171.87"
"14","Gujarat Titans","GD Phillips","not out","14","9","14","1","1","155.55"
"14","Gujarat Titans","R Tewatia","not out","1","1","3","0","0","100"
"14","Delhi Capitals","P Nissanka","c Tewatia b Prasidh Krishna","41","24","41","6","1","170.83"
"14","Delhi Capitals","KL Rahul †","c †Buttler b Mohammed Siraj","92","52","99","11","4","176.92"
"14","Delhi Capitals","N Rana","c Sai Sudharsan b Rashid Khan","5","6","9","1","0","83.33"
"14","Delhi Capitals","Sameer Rizvi","b Rashid Khan","0","1","1","0","0","0"
"14","Delhi Capitals","DA Miller","not out","41","20","44","3","3","205"
"14","Delhi Capitals","AR Patel (c)","c Phillips b Rashid Khan","2","3","3","0","0","66.66"
"14","Delhi Capitals","T Stubbs","run out (Sai Sudharsan)","7","6","18","0","0","116.66"
"14","Delhi Capitals","V Nigam","c Shubman Gill b Prasidh Krishna","12","7","17","2","0","171.42"
"14","Delhi Capitals","Kuldeep Yadav","run out (†Buttler)","1","1","6","0","0","100"
"15","Kolkata Knight Riders","AM Rahane (c)","c Mohammed Shami b Rathi","41","24","50","4","2","170.83"
"15","Kolkata Knight Riders","FH Allen","c Rathi b Prince Yadav","9","8","8","2","0","112.5"
"15","Kolkata Knight Riders","A Raghuvanshi †","c Markram b Siddharth","45","33","47","5","2","136.36"
"15","Kolkata Knight Riders","C Green","not out","32","24","53","3","1","133.33"
"15","Kolkata Knight Riders","RK Singh","b Avesh Khan","4","7","8","0","0","57.14"
"15","Kolkata Knight Riders","R Powell","not out","39","24","39","4","2","162.5"
"15","Lucknow Super Giants","MR Marsh","c †Raghuvanshi b Arora","15","11","21","1","1","136.36"
"15","Lucknow Super Giants","AK Markram","c Powell b Arora","22","15","18","2","1","146.66"
"15","Lucknow Super Giants","RR Pant (c) †","c Kartik Tyagi b Green","10","9","23","1","0","111.11"
"15","Lucknow Super Giants","A Badoni","c Singh b Roy","54","34","56","7","2","158.82"
"15","Lucknow Super Giants","N Pooran","c Ramandeep Singh b Kartik Tyagi","13","15","19","0","1","86.66"
"15","Lucknow Super Giants","Abdul Samad","b Roy","2","4","5","0","0","50"
"15","Lucknow Super Giants","MD Choudhary","not out","54","27","40","2","7","200"
"15","Lucknow Super Giants","Mohammed Shami","c Roy b Narine","1","3","5","0","0","33.33"
"15","Lucknow Super Giants","Avesh Khan","not out","1","3","23","0","0","33.33"
"16","Royal Challengers Bengaluru","PD Salt","c †Jurel b Archer","0","1","1","0","0","0"
"16","Royal Challengers Bengaluru","V Kohli","b Ravi Bishnoi","32","16","26","7","0","200"
"16","Royal Challengers Bengaluru","D Padikkal","c Hetmyer b Archer","14","7","15","3","0","200"
"16","Royal Challengers Bengaluru","RM Patidar (c)","c Ferreira b Sandeep Sharma","63","40","67","4","4","157.5"
"16","Royal Challengers Bengaluru","KH Pandya","c Hetmyer b Ravi Bishnoi","1","6","7","0","0","16.66"
"16","Royal Challengers Bengaluru","JM Sharma †","lbw b Brijesh Sharma","5","8","8","0","0","62.5"
"16","Royal Challengers Bengaluru","TH David","c Hetmyer b Brijesh Sharma","13","9","11","2","0","144.44"
"16","Royal Challengers Bengaluru","R Shepherd","c Brijesh Sharma b Jadeja","22","11","11","2","1","200"
"16","Royal Challengers Bengaluru","VR Iyer","not out","29","15","31","1","2","193.33"
"16","Royal Challengers Bengaluru","B Kumar","not out","9","7","14","1","0","128.57"
"16","Rajasthan Royals","YBK Jaiswal","c †Sharma b Hazlewood","13","8","9","0","2","162.5"
"16","Rajasthan Royals","V Sooryavanshi","c Kohli b Pandya","78","26","41","8","7","300"
"16","Rajasthan Royals","DC Jurel †","not out","81","43","83","8","3","188.37"
"16","Rajasthan Royals","SO Hetmyer","c Hazlewood b Pandya","0","1","1","0","0","0"
"16","Rajasthan Royals","R Parag (c)","c Pandya b Hazlewood","3","5","6","0","0","60"
"16","Rajasthan Royals","RA Jadeja","not out","24","25","42","1","0","96"
"17","Sunrisers Hyderabad","Abhishek Sharma","c Arshdeep Singh b Shashank Singh","74","28","49","5","8","264.28"
"17","Sunrisers Hyderabad","TM Head","c Bartlett b Shashank Singh","38","23","47","5","1","165.21"
"17","Sunrisers Hyderabad","Ishan Kishan (c) †","c Jansen b Arshdeep Singh","27","17","26","3","1","158.82"
"17","Sunrisers Hyderabad","H Klaasen","c Connolly b Bartlett","39","33","55","1","1","118.18"
"17","Sunrisers Hyderabad","AU Verma","run out (Stoinis/†Prabhsimran Singh)","18","9","14","1","1","200"
"17","Sunrisers Hyderabad","S Arora","c Bartlett b Arshdeep Singh","9","8","10","0","1","112.5"
"17","Sunrisers Hyderabad","K Nitish Kumar Reddy","not out","0","1","9","0","0","0"
"17","Sunrisers Hyderabad","HS Dubey","not out","1","2","2","0","0","50"
"17","Punjab Kings","P Arya","c Nitish Kumar Reddy b Shivang Kumar","57","20","38","5","5","285"
"17","Punjab Kings","Prabhsimran Singh †","c Klaasen b Shivang Kumar","51","25","49","4","4","204"
"17","Punjab Kings","CPL Connolly","c Verma b Shivang Kumar","11","12","19","1","0","91.66"
"17","Punjab Kings","SS Iyer (c)","not out","69","33","49","5","5","209.09"
"17","Punjab Kings","N Wadhera","b Dubey","14","14","30","0","1","100"
"17","Punjab Kings","Shashank Singh","not out","16","9","10","1","1","177.77"
"18","Chennai Super Kings","SV Samson †","not out","115","56","103","15","4","205.35"
"18","Chennai Super Kings","RD Gaikwad (c)","c Nissanka b Patel","15","18","32","1","0","83.33"
"18","Chennai Super Kings","A Mhatre","retired out","59","36","55","3","4","163.88"
"18","Chennai Super Kings","S Dube","not out","20","10","15","2","1","200"
"18","Delhi Capitals","P Nissanka","c Brevis b Kamboj","41","24","29","5","2","170.83"
"18","Delhi Capitals","KL Rahul †","c Overton b Ahmed","18","10","26","2","1","180"
"18","Delhi Capitals","Sameer Rizvi","c Brevis b Overton","6","9","18","1","0","66.66"
"18","Delhi Capitals","AR Patel (c)","c Khan b Gurjapneet Singh","1","2","4","0","0","50"
"18","Delhi Capitals","DA Miller","b Overton","17","14","37","1","1","121.42"
"18","Delhi Capitals","T Stubbs","c Noor Ahmad b Overton","60","38","64","4","3","157.89"
"18","Delhi Capitals","AR Sharma","c Kamboj b Noor Ahmad","19","10","13","1","2","190"
"18","Delhi Capitals","Auqib Nabi","c Hosein b Overton","4","2","4","1","0","200"
"18","Delhi Capitals","Kuldeep Yadav","c Brevis b Kamboj","4","7","22","0","0","57.14"
"18","Delhi Capitals","L Ngidi","c Gurjapneet Singh b Kamboj","3","5","10","0","0","60"
"18","Delhi Capitals","T Natarajan","not out","1","2","5","0","0","50"
"19","Lucknow Super Giants","AK Markram","c Washington Sundar b Prasidh Krishna","30","21","38","5","1","142.85"
"19","Lucknow Super Giants","MR Marsh","c Shubman Gill b Rabada","11","4","7","1","1","275"
"19","Lucknow Super Giants","RR Pant (c) †","c Tewatia b Mohammed Siraj","18","11","13","2","1","163.63"
"19","Lucknow Super Giants","A Badoni","c Phillips b Prasidh Krishna","9","11","22","1","0","81.81"
"19","Lucknow Super Giants","N Pooran","c Shubman Gill b Prasidh Krishna","19","21","30","0","2","90.47"
"19","Lucknow Super Giants","Abdul Samad","c Phillips b Ashok Sharma","18","22","37","2","0","81.81"
"19","Lucknow Super Giants","MD Choudhary","c †Buttler b Prasidh Krishna","18","14","22","1","1","128.57"
"19","Lucknow Super Giants","GF Linde","c Shahrukh Khan b Ashok Sharma","16","10","16","3","0","160"
"19","Lucknow Super Giants","Mohammed Shami","not out","12","5","13","1","1","240"
"19","Lucknow Super Giants","Avesh Khan","not out","4","1","4","1","0","400"
"19","Gujarat Titans","B Sai Sudharsan","c Avesh Khan b Rathi","15","14","28","3","0","107.14"
"19","Gujarat Titans","Shubman Gill (c)","c †Pant b Prince Yadav","56","40","75","6","1","140"
"19","Gujarat Titans","JC Buttler †","c Markram b Mohammed Shami","60","37","51","11","0","162.16"
"19","Gujarat Titans","Washington Sundar","not out","21","13","20","2","1","161.53"
"19","Gujarat Titans","R Tewatia","not out","10","8","15","1","0","125"
"20","Royal Challengers Bengaluru","PD Salt","c Pandya b Thakur","78","36","61","6","6","216.66"
"20","Royal Challengers Bengaluru","V Kohli","c Yadav b Pandya","50","38","85","5","1","131.57"
"20","Royal Challengers Bengaluru","RM Patidar (c)","c Tilak Varma b Santner","53","20","33","4","5","265"
"20","Royal Challengers Bengaluru","TH David","not out","34","16","36","2","3","212.5"
"20","Royal Challengers Bengaluru","JM Sharma †","lbw b Boult","10","9","23","1","0","111.11"
"20","Royal Challengers Bengaluru","R Shepherd","not out","2","2","3","0","0","100"
"20","Mumbai Indians","RD Rickelton †","c Kumar b Suyash Sharma","37","22","38","3","3","168.18"
"20","Mumbai Indians","RG Sharma","retired hurt","19","13","29","2","1","146.15"
"20","Mumbai Indians","SA Yadav","c Rasikh Salam b Pandya","33","22","38","5","0","150"
"20","Mumbai Indians","NT Tilak Varma","c Duffy b Suyash Sharma","1","3","3","0","0","33.33"
"20","Mumbai Indians","HH Pandya (c)","c Shepherd b Duffy","40","22","38","6","1","181.81"
"20","Mumbai Indians","SE Rutherford","not out","71","31","54","1","9","229.03"
"20","Mumbai Indians","Naman Dhir","c Patidar b Rasikh Salam","1","2","12","0","0","50"
"20","Mumbai Indians","MJ Santner","not out","8","6","30","1","0","133.33"
"21","Sunrisers Hyderabad","Abhishek Sharma","c Ravi Bishnoi b Archer","0","1","1","0","0","0"
"21","Sunrisers Hyderabad","TM Head","c Ferreira b Parag","18","18","32","3","0","100"
"21","Sunrisers Hyderabad","Ishan Kishan (c)","c & b Sandeep Sharma","91","44","67","8","6","206.81"
"21","Sunrisers Hyderabad","H Klaasen","c Parag b Deshpande","40","26","51","1","3","153.84"
"21","Sunrisers Hyderabad","K Nitish Kumar Reddy","c †Jurel b Archer","28","13","29","0","4","215.38"
"21","Sunrisers Hyderabad","S Arora †","not out","24","13","25","2","2","184.61"
"21","Sunrisers Hyderabad","AU Verma","run out (†Jurel/Deshpande)","6","5","8","1","0","120"
"21","Sunrisers Hyderabad","HS Dubey","not out","0","0","3","0","0","-"
"21","Rajasthan Royals","YBK Jaiswal","c Nitish Kumar Reddy b Sakib Hussain","1","5","10","0","0","20"
"21","Rajasthan Royals","V Sooryavanshi","c †Arora b Hinge","0","1","2","0","0","0"
"21","Rajasthan Royals","DC Jurel †","b Hinge","0","2","2","0","0","0"
"21","Rajasthan Royals","LG Pretorius","c Nitish Kumar Reddy b Hinge","0","2","2","0","0","0"
"21","Rajasthan Royals","R Parag (c)","c Abhishek Sharma b Hinge","4","6","10","1","0","66.66"
"21","Rajasthan Royals","RA Jadeja","c †Arora b Malinga","45","32","74","5","0","140.62"
"21","Rajasthan Royals","D Ferreira","b Sakib Hussain","69","44","61","7","3","156.81"
"21","Rajasthan Royals","JC Archer","c Hinge b Sakib Hussain","2","5","10","0","0","40"
"21","Rajasthan Royals","TU Deshpande","c Ishan Kishan b Malinga","25","11","17","0","3","227.27"
"21","Rajasthan Royals","Ravi Bishnoi","c Ishan Kishan b Sakib Hussain","0","1","1","0","0","0"
"21","Rajasthan Royals","N Burger","not out","3","5","9","0","0","60"
"22","Chennai Super Kings","SV Samson †","b Kartik Tyagi","48","32","55","4","3","150"
"22","Chennai Super Kings","RD Gaikwad (c)","c Powell b Roy","7","6","12","1","0","116.66"
"22","Chennai Super Kings","A Mhatre","c Ramandeep Singh b Arora","38","17","16","6","2","223.52"
"22","Chennai Super Kings","D Brevis","c Arora b Kartik Tyagi","41","29","61","4","2","141.37"
"22","Chennai Super Kings","SN Khan","b Narine","23","18","29","1","2","127.77"
"22","Chennai Super Kings","S Dube","not out","13","12","23","1","0","108.33"
"22","Chennai Super Kings","J Overton","not out","7","6","16","1","0","116.66"
"22","Kolkata Knight Riders","FH Allen","c Dube b Kamboj","1","3","9","0","0","33.33"
"22","Kolkata Knight Riders","SP Narine","c Gurjapneet Singh b Ahmed","24","17","23","2","2","141.17"
"22","Kolkata Knight Riders","AM Rahane (c)","c Gaikwad b Noor Ahmad","28","22","48","0","2","127.27"
"22","Kolkata Knight Riders","A Raghuvanshi †","c Brevis b Hosein","27","19","27","3","1","142.1"
"22","Kolkata Knight Riders","RK Singh","c Dube b Noor Ahmad","6","12","15","0","0","50"
"22","Kolkata Knight Riders","C Green","b Noor Ahmad","0","1","1","0","0","0"
"22","Kolkata Knight Riders","R Powell","not out","31","22","54","1","2","140.9"
"22","Kolkata Knight Riders","Ramandeep Singh","c Khan b Kamboj","35","23","42","4","1","152.17"
"22","Kolkata Knight Riders","AS Roy","not out","1","1","3","0","0","100"
"23","Lucknow Super Giants","MR Marsh","b Pandya","40","32","55","3","2","125"
"23","Lucknow Super Giants","AK Markram","c Padikkal b Rasikh Salam","12","8","18","0","1","150"
"23","Lucknow Super Giants","RR Pant (c) †","c Salt b Kumar","1","6","9","0","0","16.66"
"23","Lucknow Super Giants","N Pooran","b Hazlewood","1","7","7","0","0","14.28"
"23","Lucknow Super Giants","A Badoni","c †Sharma b Rasikh Salam","38","24","46","4","1","158.33"
"23","Lucknow Super Giants","Abdul Samad","c Patidar b Pandya","0","2","6","0","0","0"
"23","Lucknow Super Giants","MD Choudhary","b Rasikh Salam","39","28","42","3","2","139.28"
"23","Lucknow Super Giants","GF Linde","c David b Kumar","7","7","9","1","0","100"
"23","Lucknow Super Giants","Mohammed Shami","b Kumar","0","1","1","0","0","0"
"23","Lucknow Super Giants","Avesh Khan","b Rasikh Salam","1","2","6","0","0","50"
"23","Lucknow Super Giants","DS Rathi","not out","0","3","3","0","0","0"
"23","Royal Challengers Bengaluru","PD Salt","b Prince Yadav","7","8","7","1","0","87.5"
"23","Royal Challengers Bengaluru","V Kohli","c Pooran b Avesh Khan","49","34","49","6","1","144.11"
"23","Royal Challengers Bengaluru","D Padikkal","c sub (Himmat Singh) b Avesh Khan","10","11","28","1","0","90.9"
"23","Royal Challengers Bengaluru","RM Patidar (c)","c Rathi b Prince Yadav","27","13","23","1","3","207.69"
"23","Royal Challengers Bengaluru","JM Sharma †","c Choudhary b Prince Yadav","23","9","13","2","2","255.55"
"23","Royal Challengers Bengaluru","TH David","not out","14","8","14","1","1","175"
"23","Royal Challengers Bengaluru","R Shepherd","not out","14","8","12","1","1","175"
"24","Mumbai Indians","RD Rickelton","c Shashank Singh b Arshdeep Singh","2","8","10","0","0","25"
"24","Mumbai Indians","Q de Kock †","not out","112","60","107","8","7","186.66"
"24","Mumbai Indians","SA Yadav","c Chahal b Arshdeep Singh","0","1","1","0","0","0"
"24","Mumbai Indians","Naman Dhir","c Bartlett b Shashank Singh","50","31","59","3","3","161.29"
"24","Mumbai Indians","HH Pandya (c)","c Bartlett b Jansen","14","12","20","0","1","116.66"
"24","Mumbai Indians","SE Rutherford","b Arshdeep Singh","1","5","7","0","0","20"
"24","Mumbai Indians","NT Tilak Varma","run out (Vyshak)","8","3","5","2","0","266.66"
"24","Mumbai Indians","Mayank Rawat","not out","0","0","1","0","0","-"
"24","Punjab Kings","P Arya","c Chahar b Ghazanfar","15","9","11","2","1","166.66"
"24","Punjab Kings","Prabhsimran Singh †","not out","80","39","88","11","2","205.12"
"24","Punjab Kings","CPL Connolly","c †de Kock b Ghazanfar","17","12","9","1","2","141.66"
"24","Punjab Kings","SS Iyer (c)","c Naman Dhir b Thakur","66","35","56","5","4","188.57"
"24","Punjab Kings","MP Stoinis","not out","10","5","7","2","0","200"
"25","Kolkata Knight Riders","TL Seifert †","c Phillips b Rabada","19","14","21","2","1","135.71"
"25","Kolkata Knight Riders","AM Rahane (c)","c Rabada b Mohammed Siraj","0","1","3","0","0","0"
"25","Kolkata Knight Riders","A Raghuvanshi","c †Buttler b Rabada","8","4","7","2","0","200"
"25","Kolkata Knight Riders","C Green","c †Buttler b Rashid Khan","79","55","97","7","4","143.63"
"25","Kolkata Knight Riders","R Powell","c Mohammed Siraj b Ashok Sharma","27","20","36","2","2","135"
"25","Kolkata Knight Riders","AS Roy","c †Buttler b Prasidh Krishna","9","7","22","1","0","128.57"
"25","Kolkata Knight Riders","RK Singh","c †Buttler b Rabada","1","2","2","0","0","50"
"25","Kolkata Knight Riders","Ramandeep Singh","c Mohammed Siraj b Ashok Sharma","17","8","6","2","1","212.5"
"25","Kolkata Knight Riders","SP Narine","c Phillips b Mohammed Siraj","0","5","5","0","0","0"
"25","Kolkata Knight Riders","Kartik Tyagi","run out (†Buttler/Prasidh Krishna)","6","4","4","0","1","150"
"25","Kolkata Knight Riders","VG Arora","not out","0","1","7","0","0","0"
"25","Gujarat Titans","B Sai Sudharsan","c Kartik Tyagi b Narine","22","16","22","1","2","137.5"
"25","Gujarat Titans","Shubman Gill (c)","c Green b Arora","86","50","83","8","4","172"
"25","Gujarat Titans","JC Buttler †","c Green b Varun","25","15","19","2","2","166.66"
"25","Gujarat Titans","Washington Sundar","c Kartik Tyagi b Varun","13","13","25","1","0","100"
"25","Gujarat Titans","GD Phillips","c Singh b Ramandeep Singh","19","16","32","2","0","118.75"
"25","Gujarat Titans","R Tewatia","not out","7","6","20","0","0","116.66"
"25","Gujarat Titans","M Shahrukh Khan","not out","3","2","3","0","0","150"
"26","Royal Challengers Bengaluru","PD Salt","c Stubbs b Kuldeep Yadav","63","38","54","4","3","165.78"
"26","Royal Challengers Bengaluru","V Kohli","c Nissanka b Ngidi","19","13","26","3","0","146.15"
"26","Royal Challengers Bengaluru","D Padikkal","c Miller b Patel","18","13","24","1","1","138.46"
"26","Royal Challengers Bengaluru","RM Patidar (c)","c †Rahul b Mukesh Kumar","8","4","13","0","1","200"
"26","Royal Challengers Bengaluru","TH David","c Natarajan b Patel","26","17","26","3","1","152.94"
"26","Royal Challengers Bengaluru","JM Sharma †","c Miller b Ngidi","14","20","42","1","0","70"
"26","Royal Challengers Bengaluru","R Shepherd","lbw b Kuldeep Yadav","1","4","4","0","0","25"
"26","Royal Challengers Bengaluru","KH Pandya","run out (†Rahul/Ngidi)","12","10","15","0","1","120"
"26","Royal Challengers Bengaluru","Rasikh Salam","not out","0","0","4","0","0","-"
"26","Royal Challengers Bengaluru","B Kumar","not out","3","2","2","0","0","150"
"26","Delhi Capitals","P Nissanka","lbw b Kumar","1","2","3","0","0","50"
"26","Delhi Capitals","KL Rahul †","c Kohli b Pandya","57","34","56","6","2","167.64"
"26","Delhi Capitals","KK Nair","c Salt b Kumar","5","5","8","1","0","100"
"26","Delhi Capitals","Sameer Rizvi","c †Sharma b Kumar","2","3","2","0","0","66.66"
"26","Delhi Capitals","T Stubbs","not out","60","47","94","4","1","127.65"
"26","Delhi Capitals","AR Patel (c)","retired hurt","26","19","33","3","0","136.84"
"26","Delhi Capitals","DA Miller","not out","22","10","20","1","2","220"
"27","Sunrisers Hyderabad","Abhishek Sharma","c †Samson b Overton","59","22","37","6","4","268.18"
"27","Sunrisers Hyderabad","TM Head","c Gaikwad b Mukesh Choudhary","23","20","24","3","1","115"
"27","Sunrisers Hyderabad","Ishan Kishan (c)","c Gaikwad b Mukesh Choudhary","0","1","1","0","0","0"
"27","Sunrisers Hyderabad","H Klaasen","b Kamboj","59","39","56","6","2","151.28"
"27","Sunrisers Hyderabad","AU Verma","c Noor Ahmad b Overton","2","4","9","0","0","50"
"27","Sunrisers Hyderabad","K Nitish Kumar Reddy","c Short b Overton","12","8","15","0","1","150"
"27","Sunrisers Hyderabad","S Arora †","c Brevis b Gurjapneet Singh","13","12","23","2","0","108.33"
"27","Sunrisers Hyderabad","LS Livingstone","c Brevis b Kamboj","1","5","15","0","0","20"
"27","Sunrisers Hyderabad","Shivang Kumar","c Gurjapneet Singh b Kamboj","12","8","7","1","1","150"
"27","Sunrisers Hyderabad","PP Hinge","not out","0","1","3","0","0","0"
"27","Chennai Super Kings","SV Samson †","c Klaasen b Nitish Kumar Reddy","7","3","5","0","1","233.33"
"27","Chennai Super Kings","RD Gaikwad (c)","c †Arora b Malinga","19","13","40","3","0","146.15"
"27","Chennai Super Kings","A Mhatre","c Klaasen b Nitish Kumar Reddy","30","13","29","5","1","230.76"
"27","Chennai Super Kings","MW Short","c Verma b Malinga","34","30","62","3","0","113.33"
"27","Chennai Super Kings","SN Khan","c Nitish Kumar Reddy b Malinga","25","19","26","3","0","131.57"
"27","Chennai Super Kings","D Brevis","c Livingstone b Shivang Kumar","0","4","5","0","0","0"
"27","Chennai Super Kings","S Dube","b Sakib Hussain","21","16","34","1","1","131.25"
"27","Chennai Super Kings","J Overton","c Livingstone b Hinge","16","15","24","1","0","106.66"
"27","Chennai Super Kings","A Kamboj","not out","13","8","17","0","1","162.5"
"27","Chennai Super Kings","Noor Ahmad","not out","1","1","2","0","0","100"
"28","Rajasthan Royals","YBK Jaiswal","c Rahane b Narine","39","29","60","4","2","134.48"
"28","Rajasthan Royals","V Sooryavanshi","c Ramandeep Singh b Varun","46","28","44","6","2","164.28"
"28","Rajasthan Royals","DC Jurel †","st †Seifert b Varun","5","7","11","0","0","71.42"
"28","Rajasthan Royals","R Parag (c)","b Varun","12","14","22","1","0","85.71"
"28","Rajasthan Royals","SO Hetmyer","c Raghuvanshi b Kartik Tyagi","15","18","40","0","0","83.33"
"28","Rajasthan Royals","D Ferreira","c & b Narine","7","7","5","0","1","100"
"28","Rajasthan Royals","RA Jadeja","c Green b Kartik Tyagi","9","7","13","1","0","128.57"
"28","Rajasthan Royals","JC Archer","run out (Arora/†Seifert)","8","5","10","1","0","160"
"28","Rajasthan Royals","Ravi Bishnoi","c †Seifert b Kartik Tyagi","0","2","2","0","0","0"
"28","Rajasthan Royals","Brijesh Sharma","not out","1","3","5","0","0","33.33"
"28","Kolkata Knight Riders","TL Seifert †","b Archer","0","1","1","0","0","0"
"28","Kolkata Knight Riders","AM Rahane (c)","c †Jurel b Burger","0","2","8","0","0","0"
"28","Kolkata Knight Riders","A Raghuvanshi","lbw b Jadeja","10","19","35","1","0","52.63"
"28","Kolkata Knight Riders","C Green","st †Jurel b Ravi Bishnoi","27","13","15","4","1","207.69"
"28","Kolkata Knight Riders","R Powell","c Ferreira b Jadeja","23","20","26","2","1","115"
"28","Kolkata Knight Riders","RK Singh","not out","53","34","64","5","2","155.88"
"28","Kolkata Knight Riders","Ramandeep Singh","b Yash Raj Punja","10","13","11","1","0","76.92"
"28","Kolkata Knight Riders","AS Roy","not out","29","16","36","1","2","181.25"
"29","Punjab Kings","P Arya","c Marsh b Siddharth","93","37","72","4","9","251.35"
"29","Punjab Kings","Prabhsimran Singh †","c Marsh b Mohammed Shami","0","1","3","0","0","0"
"29","Punjab Kings","CPL Connolly","c Siddharth b Prince Yadav","87","46","64","8","7","189.13"
"29","Punjab Kings","SS Iyer (c)","c Mohammed Shami b Mohsin Khan","5","6","9","0","0","83.33"
"29","Punjab Kings","MP Stoinis","run out (Pooran)","29","16","36","2","2","181.25"
"29","Punjab Kings","N Wadhera","c Pooran b Siddharth","13","7","8","1","1","185.71"
"29","Punjab Kings","Shashank Singh","c Markram b Prince Yadav","17","6","17","1","2","283.33"
"29","Punjab Kings","M Jansen","not out","1","1","2","0","0","100"
"29","Lucknow Super Giants","MR Marsh","c Bartlett b Chahal","40","28","60","3","2","142.85"
"29","Lucknow Super Giants","A Badoni","c Bartlett b Vyshak","35","21","29","5","1","166.66"
"29","Lucknow Super Giants","RR Pant (c) †","c †Prabhsimran Singh b Arshdeep Singh","43","23","36","1","4","186.95"
"29","Lucknow Super Giants","N Pooran","c Iyer b Jansen","9","9","19","1","0","100"
"29","Lucknow Super Giants","AK Markram","c Stoinis b Jansen","42","22","34","3","3","190.9"
"29","Lucknow Super Giants","MD Choudhary","not out","21","17","28","1","1","123.52"
"29","Lucknow Super Giants","Himmat Singh","not out","1","1","1","0","0","100"
"30","Mumbai Indians","Q de Kock †","c & b Rabada","13","11","16","1","1","118.18"
"30","Mumbai Indians","DV Malewar","lbw b Rabada","2","4","8","0","0","50"
"30","Mumbai Indians","Naman Dhir","c Rabada b Prasidh Krishna","45","32","51","6","1","140.62"
"30","Mumbai Indians","SA Yadav","b Rabada","15","10","11","1","1","150"
"30","Mumbai Indians","NT Tilak Varma","not out","101","45","78","8","7","224.44"
"30","Mumbai Indians","HH Pandya (c)","c Phillips b Mohammed Siraj","15","16","39","1","0","93.75"
"30","Mumbai Indians","SE Rutherford","not out","1","2","8","0","0","50"
"30","Gujarat Titans","B Sai Sudharsan","c Krish Bhagat b Bumrah","0","1","1","0","0","0"
"30","Gujarat Titans","Shubman Gill (c)","c Naman Dhir b Ashwani Kumar","14","13","26","3","0","107.69"
"30","Gujarat Titans","JC Buttler †","lbw b Pandya","5","6","6","1","0","83.33"
"30","Gujarat Titans","Washington Sundar","c Naman Dhir b Santner","26","17","30","5","0","152.94"
"30","Gujarat Titans","GD Phillips","c & b Santner","6","8","15","0","0","75"
"30","Gujarat Titans","R Tewatia","c †de Kock b Ashwani Kumar","8","11","22","1","0","72.72"
"30","Gujarat Titans","M Shahrukh Khan","c Naman Dhir b Ashwani Kumar","17","13","30","1","1","130.76"
"30","Gujarat Titans","Rashid Khan","c sub (RA Bawa) b Ashwani Kumar","4","6","5","0","0","66.66"
"30","Gujarat Titans","K Rabada","st †de Kock b Ghazanfar","12","14","17","2","0","85.71"
"30","Gujarat Titans","Ashok Sharma","not out","1","3","13","0","0","33.33"
"30","Gujarat Titans","Mohammed Siraj","lbw b Ghazanfar","0","3","2","0","0","0"
"33","Chennai Super Kings","SV Samson †","not out","101","54","109","10","6","187.03"
"33","Chennai Super Kings","RD Gaikwad (c)","c Tilak Varma b Ghazanfar","22","14","17","3","1","157.14"
"33","Chennai Super Kings","SN Khan","b Santner","14","8","13","3","0","175"
"33","Chennai Super Kings","S Dube","b Ghazanfar","5","8","13","0","0","62.5"
"33","Chennai Super Kings","D Brevis","c Bumrah b Ashwani Kumar","21","11","13","1","2","190.9"
"33","Chennai Super Kings","Kartik Sharma","c Santner b Bumrah","18","19","27","0","2","94.73"
"33","Chennai Super Kings","J Overton","c Naman Dhir b Ashwani Kumar","15","7","7","2","1","214.28"
"33","Chennai Super Kings","AJ Hosein","not out","2","2","11","0","0","100"
"33","Mumbai Indians","Q de Kock †","b Mukesh Choudhary","7","10","8","0","1","70"
"33","Mumbai Indians","DV Malewar","c †Samson b Hosein","0","1","4","0","0","0"
"33","Mumbai Indians","Naman Dhir","b Hosein","0","3","7","0","0","0"
"33","Mumbai Indians","SA Yadav","c Khan b Hosein","36","30","69","5","0","120"
"33","Mumbai Indians","NT Tilak Varma","b Hosein","37","29","53","5","0","127.58"
"33","Mumbai Indians","HH Pandya (c)","c Mukesh Choudhary b Noor Ahmad","1","2","2","0","0","50"
"33","Mumbai Indians","SE Rutherford","c Kamboj b Noor Ahmad","0","1","1","0","0","0"
"33","Mumbai Indians","SN Thakur","c Brevis b Kamboj","6","12","26","0","0","50"
"33","Mumbai Indians","Krish Bhagat","c Gurjapneet Singh b Overton","7","15","16","0","0","46.66"
"33","Mumbai Indians","Ashwani Kumar","not out","1","6","10","0","0","16.66"
"33","Mumbai Indians","JJ Bumrah","c †Samson b Gurjapneet Singh","2","5","9","0","0","40"
"34","Gujarat Titans","B Sai Sudharsan","c & b Hazlewood","100","58","76","11","5","172.41"
"34","Gujarat Titans","Shubman Gill (c)","c Padikkal b Suyash Sharma","32","24","59","2","1","133.33"
"34","Gujarat Titans","JC Buttler †","c Hazlewood b Kumar","25","16","25","2","1","156.25"
"34","Gujarat Titans","Washington Sundar","not out","19","12","30","1","1","158.33"
"34","Gujarat Titans","JO Holder","not out","23","10","19","1","2","230"
"34","Royal Challengers Bengaluru","JG Bethell","c Shahrukh Khan b Mohammed Siraj","14","10","13","3","0","140"
"34","Royal Challengers Bengaluru","V Kohli","b Holder","81","44","64","8","4","184.09"
"34","Royal Challengers Bengaluru","D Padikkal","b Rashid Khan","55","27","44","2","6","203.7"
"34","Royal Challengers Bengaluru","RM Patidar (c)","c Washington Sundar b Suthar","8","5","13","0","1","160"
"34","Royal Challengers Bengaluru","JM Sharma †","c Suthar b Rashid Khan","10","6","5","1","1","166.66"
"34","Royal Challengers Bengaluru","TH David","not out","10","9","19","0","1","111.11"
"34","Royal Challengers Bengaluru","KH Pandya","not out","23","12","14","3","1","191.66"
"35","Delhi Capitals","P Nissanka","c †Prabhsimran Singh b Arshdeep Singh","11","7","13","2","0","157.14"
"35","Delhi Capitals","KL Rahul †","not out","152","67","112","16","9","226.86"
"35","Delhi Capitals","N Rana","c Iyer b Bartlett","91","44","90","11","4","206.81"
"35","Delhi Capitals","DA Miller","not out","3","3","7","0","0","100"
"35","Punjab Kings","P Arya","c Sameer Rizvi b Patel","43","17","58","2","5","252.94"
"35","Punjab Kings","Prabhsimran Singh †","lbw b Kuldeep Yadav","76","26","63","9","5","292.3"
"35","Punjab Kings","CPL Connolly","b Kuldeep Yadav","17","10","12","1","1","170"
"35","Punjab Kings","SS Iyer (c)","not out","71","36","63","3","7","197.22"
"35","Punjab Kings","N Wadhera","c sub (KK Nair) b Nigam","25","15","29","3","1","166.66"
"35","Punjab Kings","Shashank Singh","not out","19","10","24","2","1","190"
"36","Rajasthan Royals","YBK Jaiswal","c Klaasen b Malinga","10","8","11","2","0","125"
"36","Rajasthan Royals","V Sooryavanshi","lbw b Sakib Hussain","103","37","81","5","12","278.37"
"36","Rajasthan Royals","DC Jurel †","c Verma b Nitish Kumar Reddy","51","35","60","8","1","145.71"
"36","Rajasthan Royals","R Parag (c)","b Cummins","7","9","23","0","0","77.77"
"36","Rajasthan Royals","D Ferreira","c Klaasen b Malinga","33","16","27","3","3","206.25"
"36","Rajasthan Royals","SO Hetmyer","c Nitish Kumar Reddy b Hinge","11","10","19","1","0","110"
"36","Rajasthan Royals","RA Jadeja","not out","4","3","7","1","0","133.33"
"36","Rajasthan Royals","JC Archer","not out","2","2","3","0","0","100"
"36","Sunrisers Hyderabad","TM Head","c †Jurel b Archer","6","5","5","0","1","120"
"36","Sunrisers Hyderabad","Abhishek Sharma","c Archer b Ferreira","57","29","55","11","1","196.55"
"36","Sunrisers Hyderabad","Ishan Kishan †","c Ferreira b Archer","74","31","59","11","3","238.7"
"36","Sunrisers Hyderabad","H Klaasen","c Ravi Bishnoi b Brijesh Sharma","29","24","41","3","1","120.83"
"36","Sunrisers Hyderabad","K Nitish Kumar Reddy","lbw b Brijesh Sharma","36","18","25","2","3","200"
"36","Sunrisers Hyderabad","S Arora","not out","8","3","9","0","1","266.66"
"36","Sunrisers Hyderabad","AU Verma","not out","1","1","3","0","0","100"
"37","Chennai Super Kings","SV Samson †","c †Buttler b Rabada","11","15","16","2","0","73.33"
"37","Chennai Super Kings","RD Gaikwad (c)","not out","74","60","111","6","4","123.33"
"37","Chennai Super Kings","UM Patel","c Holder b Rabada","4","3","2","1","0","133.33"
"37","Chennai Super Kings","SN Khan","c †Buttler b Mohammed Siraj","0","1","3","0","0","0"
"37","Chennai Super Kings","D Brevis","c Shubman Gill b Suthar","2","9","17","0","0","22.22"
"37","Chennai Super Kings","S Dube","b Arshad Khan","22","17","37","3","1","129.41"
"37","Chennai Super Kings","Kartik Sharma","c Holder b Rabada","15","9","12","3","0","166.66"
"37","Chennai Super Kings","J Overton","c Shahrukh Khan b Arshad Khan","18","6","10","3","1","300"
"37","Chennai Super Kings","AJ Hosein","not out","0","0","4","0","0","-"
"37","Gujarat Titans","B Sai Sudharsan","c Brevis b Hosein","87","46","88","4","7","189.13"
"37","Gujarat Titans","Shubman Gill (c)","st †Samson b Noor Ahmad","33","23","33","1","3","143.47"
"37","Gujarat Titans","JC Buttler †","not out","39","30","55","4","1","130"
"37","Gujarat Titans","Washington Sundar","not out","1","1","2","0","0","100"
"38","Kolkata Knight Riders","AM Rahane (c)","c Markram b Mohsin Khan","10","15","20","0","1","66.66"
"38","Kolkata Knight Riders","TL Seifert †","c Choudhary b Mohsin Khan","0","3","11","0","0","0"
"38","Kolkata Knight Riders","A Raghuvanshi","obstructing the field","9","8","15","1","0","112.5"
"38","Kolkata Knight Riders","C Green","c †Pant b Mohsin Khan","34","21","38","0","3","161.9"
"38","Kolkata Knight Riders","R Powell","c †Pant b Mohsin Khan","1","4","6","0","0","25"
"38","Kolkata Knight Riders","RK Singh","not out","83","51","70","7","5","162.74"
"38","Kolkata Knight Riders","AS Roy","c Badoni b Mohsin Khan","0","1","1","0","0","0"
"38","Kolkata Knight Riders","Ramandeep Singh","c Marsh b Linde","6","11","19","0","0","54.54"
"38","Kolkata Knight Riders","SP Narine","not out","4","6","25","0","0","66.66"
"38","Lucknow Super Giants","AK Markram","c Singh b Green","31","27","48","2","1","114.81"
"38","Lucknow Super Giants","MR Marsh","c Powell b Arora","2","3","4","0","0","66.66"
"38","Lucknow Super Giants","RR Pant (c) †","c †Seifert b Narine","42","38","54","4","1","110.52"
"38","Lucknow Super Giants","N Pooran","c Narine b Varun","9","12","20","0","1","75"
"38","Lucknow Super Giants","A Badoni","c Roy b Varun","24","19","28","0","2","126.31"
"38","Lucknow Super Giants","MD Choudhary","c Singh b Roy","1","2","6","0","0","50"
"38","Lucknow Super Giants","Himmat Singh","c Singh b Kartik Tyagi","19","10","28","2","1","190"
"38","Lucknow Super Giants","GF Linde","c Singh b Arora","8","4","4","2","0","200"
"38","Lucknow Super Giants","Mohammed Shami","not out","11","6","16","1","1","183.33"
"38","Lucknow Super Giants","Prince Yadav","not out","0","1","3","0","0","0"
"39","Delhi Capitals","SU Parakh","b Kumar","0","2","2","0","0","0"
"39","Delhi Capitals","KL Rahul †","c †Sharma b Hazlewood","1","3","7","0","0","33.33"
"39","Delhi Capitals","N Rana","c Padikkal b Hazlewood","1","9","24","0","0","11.11"
"39","Delhi Capitals","Sameer Rizvi","c †Sharma b Hazlewood","0","1","1","0","0","0"
"39","Delhi Capitals","T Stubbs","c Padikkal b Kumar","5","3","5","1","0","166.66"
"39","Delhi Capitals","AR Patel (c)","c †Sharma b Kumar","0","3","3","0","0","0"
"39","Delhi Capitals","Abishek Porel","b Hazlewood","30","33","75","3","0","90.9"
"39","Delhi Capitals","DA Miller","c †Sharma b Rasikh Salam","19","18","23","3","0","105.55"
"39","Delhi Capitals","KA Jamieson","lbw b Pandya","12","13","17","1","1","92.3"
"39","Delhi Capitals","Kuldeep Yadav","b Suyash Sharma","3","11","12","0","0","27.27"
"39","Delhi Capitals","PVD Chameera","not out","0","3","4","0","0","0"
"39","Royal Challengers Bengaluru","JG Bethell","c Natarajan b Jamieson","20","11","15","1","2","181.81"
"39","Royal Challengers Bengaluru","V Kohli","not out","23","15","35","1","2","153.33"
"39","Royal Challengers Bengaluru","D Padikkal","not out","34","13","18","3","3","261.53"
"40","Punjab Kings","Prabhsimran Singh †","c Parag b Yash Raj Punja","59","44","66","6","1","134.09"
"40","Punjab Kings","P Arya","c Burger b Archer","29","11","15","5","1","263.63"
"40","Punjab Kings","CPL Connolly","c Ferreira b Yash Raj Punja","30","14","27","2","3","214.28"
"40","Punjab Kings","SS Iyer (c)","c †Jurel b Burger","30","27","42","1","1","111.11"
"40","Punjab Kings","MP Stoinis","not out","62","22","31","4","6","281.81"
"40","Punjab Kings","Suryansh Shedge","not out","3","2","11","0","0","150"
"40","Rajasthan Royals","YBK Jaiswal","c Suryansh Shedge b Chahal","51","27","49","7","1","188.88"
"40","Rajasthan Royals","V Sooryavanshi","c Iyer b Arshdeep Singh","43","16","17","3","5","268.75"
"40","Rajasthan Royals","DC Jurel †","c Jansen b Chahal","16","20","23","0","1","80"
"40","Rajasthan Royals","R Parag (c)","c Suryansh Shedge b Chahal","29","16","18","2","2","181.25"
"40","Rajasthan Royals","D Ferreira","not out","52","26","43","6","3","200"
"40","Rajasthan Royals","SB Dubey","not out","31","12","28","3","2","258.33"
"41","Mumbai Indians","WG Jacks","c †Ishan Kishan b Nitish Kumar Reddy","46","22","38","5","3","209.09"
"41","Mumbai Indians","RD Rickelton †","not out","123","55","119","10","8","223.63"
"41","Mumbai Indians","SA Yadav","c Abhishek Sharma b Malinga","5","5","7","1","0","100"
"41","Mumbai Indians","Naman Dhir","c Dubey b Hinge","22","17","27","3","0","129.41"
"41","Mumbai Indians","HH Pandya (c)","c Klaasen b Sakib Hussain","31","15","30","2","2","206.66"
"41","Mumbai Indians","NT Tilak Varma","c Klaasen b Hinge","7","5","8","0","1","140"
"41","Mumbai Indians","R Minz","not out","1","1","3","0","0","100"
"41","Sunrisers Hyderabad","Abhishek Sharma","c Boult b Ghazanfar","45","24","51","4","3","187.5"
"41","Sunrisers Hyderabad","TM Head","c Jacks b Pandya","76","30","59","4","8","253.33"
"41","Sunrisers Hyderabad","Ishan Kishan †","b Ghazanfar","0","1","1","0","0","0"
"41","Sunrisers Hyderabad","H Klaasen","not out","65","30","54","7","4","216.66"
"41","Sunrisers Hyderabad","K Nitish Kumar Reddy","c Yadav b Boult","21","17","38","3","0","123.52"
"41","Sunrisers Hyderabad","S Arora","not out","30","10","11","2","3","300"
"42","Royal Challengers Bengaluru","JG Bethell","c Rashid Khan b Mohammed Siraj","5","5","13","1","0","100"
"42","Royal Challengers Bengaluru","V Kohli","c Rashid Khan b Rabada","28","13","17","5","1","215.38"
"42","Royal Challengers Bengaluru","D Padikkal","b Rashid Khan","40","24","58","5","2","166.66"
"42","Royal Challengers Bengaluru","RM Patidar (c)","c Holder b Arshad Khan","19","15","22","2","1","126.66"
"42","Royal Challengers Bengaluru","JM Sharma †","c †Buttler b Holder","1","3","3","0","0","33.33"
"42","Royal Challengers Bengaluru","TH David","c Holder b Rashid Khan","9","6","6","0","1","150"
"42","Royal Challengers Bengaluru","KH Pandya","c Holder b Arshad Khan","4","4","4","1","0","100"
"42","Royal Challengers Bengaluru","R Shepherd","c Sai Sudharsan b Holder","17","15","18","0","2","113.33"
"42","Royal Challengers Bengaluru","VR Iyer","c Sai Sudharsan b Arshad Khan","12","15","28","1","0","80"
"42","Royal Challengers Bengaluru","B Kumar","not out","15","15","28","2","0","100"
"42","Royal Challengers Bengaluru","JR Hazlewood","run out (†Buttler/Shubman Gill)","0","1","1","0","0","0"
"42","Gujarat Titans","B Sai Sudharsan","c †Sharma b Kumar","6","5","14","1","0","120"
"42","Gujarat Titans","Shubman Gill (c)","c Kohli b Kumar","43","18","24","4","3","238.88"
"42","Gujarat Titans","JC Buttler †","b Kumar","39","19","25","2","4","205.26"
"42","Gujarat Titans","Washington Sundar","lbw b Shepherd","12","12","32","0","1","100"
"42","Gujarat Titans","M Shahrukh Khan","c Hazlewood b Shepherd","8","8","12","1","0","100"
"42","Gujarat Titans","R Tewatia","not out","27","17","25","4","0","158.82"
"42","Gujarat Titans","JO Holder","c Padikkal b Suyash Sharma","12","10","19","0","1","120"
"42","Gujarat Titans","Rashid Khan","not out","7","6","11","1","0","116.66"
"43","Rajasthan Royals","YBK Jaiswal","c & b Starc","6","3","2","0","1","200"
"43","Rajasthan Royals","V Sooryavanshi","b Jamieson","4","2","11","1","0","200"
"43","Rajasthan Royals","DC Jurel †","c Stubbs b Patel","42","30","52","4","1","140"
"43","Rajasthan Royals","R Parag (c)","c Patel b Starc","90","50","75","8","5","180"
"43","Rajasthan Royals","RA Jadeja","c Sharma b Starc","20","14","27","1","1","142.85"
"43","Rajasthan Royals","D Ferreira","not out","47","14","21","2","6","335.71"
"43","Rajasthan Royals","SB Dubey","c Sharma b Natarajan","6","6","14","1","0","100"
"43","Rajasthan Royals","JC Archer","not out","1","1","4","0","0","100"
"43","Delhi Capitals","P Nissanka","lbw b Jadeja","62","33","48","6","3","187.87"
"43","Delhi Capitals","KL Rahul †","c Ferreira b Archer","75","40","87","6","5","187.5"
"43","Delhi Capitals","N Rana","c †Jurel b Deshpande","33","17","26","3","2","194.11"
"43","Delhi Capitals","T Stubbs","not out","18","11","35","1","1","163.63"
"43","Delhi Capitals","AR Sharma","not out","25","15","26","4","0","166.66"
"44","Mumbai Indians","WG Jacks","c Ghosh b Kamboj","1","5","6","0","0","20"
"44","Mumbai Indians","RD Rickelton †","c Patel b Noor Ahmad","37","24","32","0","5","154.16"
"44","Mumbai Indians","Naman Dhir","c sub (SN Khan) b Overton","57","37","86","4","3","154.05"
"44","Mumbai Indians","SA Yadav","c Brevis b Ghosh","21","12","22","3","1","175"
"44","Mumbai Indians","NT Tilak Varma","c Gaikwad b Noor Ahmad","5","8","14","0","0","62.5"
"44","Mumbai Indians","HH Pandya (c)","c Brevis b Kamboj","18","23","39","2","0","78.26"
"44","Mumbai Indians","R Minz","b Kamboj","5","3","5","1","0","166.66"
"44","Mumbai Indians","Krish Bhagat","not out","3","6","14","0","0","50"
"44","Mumbai Indians","TA Boult","not out","7","2","3","0","1","350"
"44","Chennai Super Kings","SV Samson †","c †Rickelton b Bumrah","11","9","8","2","0","122.22"
"44","Chennai Super Kings","RD Gaikwad (c)","not out","67","48","93","5","2","139.58"
"44","Chennai Super Kings","UM Patel","b Ghazanfar","24","12","19","2","2","200"
"44","Chennai Super Kings","Kartik Sharma","not out","54","40","63","4","3","135"
"45","Sunrisers Hyderabad","Abhishek Sharma","c Green b Kartik Tyagi","15","10","16","1","1","150"
"45","Sunrisers Hyderabad","TM Head","c Green b Varun","61","28","42","9","3","217.85"
"45","Sunrisers Hyderabad","Ishan Kishan †","c Roy b Narine","42","29","65","4","2","144.82"
"45","Sunrisers Hyderabad","H Klaasen","c Powell b Green","11","8","7","1","1","137.5"
"45","Sunrisers Hyderabad","R Smaran","c Rahane b Varun","4","4","4","1","0","100"
"45","Sunrisers Hyderabad","AU Verma","c Rahane b Varun","6","8","13","1","0","75"
"45","Sunrisers Hyderabad","S Arora","b Narine","2","6","7","0","0","33.33"
"45","Sunrisers Hyderabad","PJ Cummins (c)","c & b Roy","10","8","8","0","1","125"
"45","Sunrisers Hyderabad","Shivang Kumar","c †Raghuvanshi b Arora","1","2","7","0","0","50"
"45","Sunrisers Hyderabad","HV Patel","c Arora b Kartik Tyagi","6","5","12","1","0","120"
"45","Sunrisers Hyderabad","E Malinga","not out","2","6","9","0","0","33.33"
"45","Kolkata Knight Riders","AM Rahane (c)","c Smaran b Sakib Hussain","43","36","76","4","1","119.44"
"45","Kolkata Knight Riders","FH Allen","c Klaasen b Cummins","29","13","19","3","2","223.07"
"45","Kolkata Knight Riders","A Raghuvanshi †","c Malinga b Shivang Kumar","59","47","67","5","2","125.53"
"45","Kolkata Knight Riders","RK Singh","not out","22","11","20","2","1","200"
"45","Kolkata Knight Riders","C Green","not out","3","3","10","0","0","100"
"46","Punjab Kings","P Arya","c Sindhu b Mohammed Siraj","2","2","2","0","0","100"
"46","Punjab Kings","Prabhsimran Singh †","c Suthar b Rabada","15","14","29","2","0","107.14"
"46","Punjab Kings","CPL Connolly","c †Buttler b Mohammed Siraj","0","1","1","0","0","0"
"46","Punjab Kings","SS Iyer (c)","b Holder","19","21","40","3","0","90.47"
"46","Punjab Kings","N Wadhera","c †Buttler b Holder","0","6","5","0","0","0"
"46","Punjab Kings","Suryansh Shedge","c †Buttler b Rabada","57","29","44","3","5","196.55"
"46","Punjab Kings","MP Stoinis","c Washington Sundar b Holder","40","31","46","5","1","129.03"
"46","Punjab Kings","M Jansen","c Shubman Gill b Rashid Khan","20","11","25","1","1","181.81"
"46","Punjab Kings","XC Bartlett","b Holder","0","1","1","0","0","0"
"46","Punjab Kings","V Vyshak","not out","1","3","12","0","0","33.33"
"46","Punjab Kings","Arshdeep Singh","not out","1","1","1","0","0","100"
"46","Gujarat Titans","B Sai Sudharsan","c Bartlett b Vyshak","57","41","77","5","1","139.02"
"46","Gujarat Titans","Shubman Gill (c)","c Connolly b Arshdeep Singh","5","4","7","1","0","125"
"46","Gujarat Titans","JC Buttler †","c Iyer b Vyshak","26","22","36","1","2","118.18"
"46","Gujarat Titans","N Sindhu","c Vyshak b Stoinis","15","11","15","0","1","136.36"
"46","Gujarat Titans","Washington Sundar","not out","40","23","48","5","1","173.91"
"46","Gujarat Titans","R Tewatia","c Bartlett b Jansen","2","6","11","0","0","33.33"
"46","Gujarat Titans","JO Holder","c Connolly b Arshdeep Singh","5","7","9","0","0","71.42"
"46","Gujarat Titans","Arshad Khan","not out","8","5","8","1","0","160"
"47","Lucknow Super Giants","MR Marsh","c Naman Dhir b Bosch","44","25","50","4","3","176"
"47","Lucknow Super Giants","JP Inglis","c Yadav b Ghazanfar","13","5","12","3","0","260"
"47","Lucknow Super Giants","N Pooran","c †Rickelton b Bosch","63","21","31","1","8","300"
"47","Lucknow Super Giants","RR Pant (c) †","c †Rickelton b Jacks","15","10","17","1","1","150"
"47","Lucknow Super Giants","AK Markram","not out","31","25","58","1","1","124"
"47","Lucknow Super Giants","Akshat Raghuwanshi","c & b RS Sharma","11","7","6","0","1","157.14"
"47","Lucknow Super Giants","Himmat Singh","not out","40","31","40","2","2","129.03"
"47","Mumbai Indians","RD Rickelton †","c Inglis b Mohsin Khan","83","32","57","6","8","259.37"
"47","Mumbai Indians","RG Sharma","c Mohammed Shami b Siddharth","84","44","76","6","7","190.9"
"47","Mumbai Indians","NT Tilak Varma","c Markram b Siddharth","11","13","27","0","0","84.61"
"47","Mumbai Indians","SA Yadav (c)","c Pooran b Mohammed Shami","12","7","22","2","0","171.42"
"47","Mumbai Indians","Naman Dhir","not out","23","12","19","3","1","191.66"
"47","Mumbai Indians","WG Jacks","not out","10","4","5","0","1","250"
"48","Delhi Capitals","P Nissanka","c Brevis b Mukesh Choudhary","19","15","18","3","1","126.66"
"48","Delhi Capitals","KL Rahul †","c Gaikwad b Hosein","12","13","25","2","0","92.3"
"48","Delhi Capitals","N Rana","c Kartik Sharma b Noor Ahmad","15","13","29","2","0","115.38"
"48","Delhi Capitals","KK Nair","c Gurjapneet Singh b Noor Ahmad","13","13","12","2","0","100"
"48","Delhi Capitals","AR Patel (c)","c Hosein b Gurjapneet Singh","2","6","14","0","0","33.33"
"48","Delhi Capitals","T Stubbs","c Mukesh Choudhary b Overton","38","31","47","1","2","122.58"
"48","Delhi Capitals","Sameer Rizvi","not out","40","24","47","0","4","166.66"
"48","Delhi Capitals","AR Sharma","run out (Gaikwad)","14","5","6","0","2","280"
"48","Delhi Capitals","MA Starc","not out","0","0","1","0","0","-"
"48","Chennai Super Kings","SV Samson †","not out","87","52","91","7","6","167.3"
"48","Chennai Super Kings","RD Gaikwad (c)","c Sameer Rizvi b Ngidi","6","13","19","1","0","46.15"
"48","Chennai Super Kings","UM Patel","st †Rahul b Patel","17","9","11","0","2","188.88"
"48","Chennai Super Kings","Kartik Sharma","not out","41","31","58","4","2","132.25"
"50","Lucknow Super Giants","MR Marsh","c Bethell b Hazlewood","111","56","82","9","9","198.21"
"50","Lucknow Super Giants","AA Kulkarni","c Patidar b Pandya","17","24","45","1","0","70.83"
"50","Lucknow Super Giants","N Pooran","c Pandya b Rasikh Salam","38","23","47","4","1","165.21"
"50","Lucknow Super Giants","RR Pant (c) †","not out","32","10","15","4","2","320"
"50","Lucknow Super Giants","AK Markram","not out","1","1","3","0","0","100"
"50","Royal Challengers Bengaluru","JG Bethell","c Prince Yadav b Mohammed Shami","4","5","5","1","0","80"
"50","Royal Challengers Bengaluru","V Kohli","b Prince Yadav","0","2","9","0","0","0"
"50","Royal Challengers Bengaluru","D Padikkal","c & b Prince Yadav","34","25","49","3","1","136"
"50","Royal Challengers Bengaluru","RM Patidar (c)","c Markram b Shahbaz Ahmed","61","31","54","3","6","196.77"
"50","Royal Challengers Bengaluru","JM Sharma †","c †Pant b Prince Yadav","1","3","3","0","0","33.33"
"50","Royal Challengers Bengaluru","TH David","c Rathi b Shahbaz Ahmed","40","17","26","4","3","235.29"
"50","Royal Challengers Bengaluru","KH Pandya","not out","28","16","40","2","2","175"
"50","Royal Challengers Bengaluru","R Shepherd","not out","23","15","18","3","1","153.33"
"51","Delhi Capitals","P Nissanka","st †Raghuvanshi b Roy","50","29","48","5","3","172.41"
"51","Delhi Capitals","KL Rahul †","c Green b Kartik Tyagi","23","14","21","4","0","164.28"
"51","Delhi Capitals","N Rana","c Narine b Green","8","10","13","1","0","80"
"51","Delhi Capitals","Sameer Rizvi","c Powell b Narine","3","7","9","0","0","42.85"
"51","Delhi Capitals","T Stubbs","b Roy","2","4","7","0","0","50"
"51","Delhi Capitals","AR Patel (c)","c Roy b Arora","11","22","42","0","0","50"
"51","Delhi Capitals","AR Sharma","c Rahane b Kartik Tyagi","39","28","43","3","3","139.28"
"51","Delhi Capitals","V Nigam","not out","3","3","9","0","0","100"
"51","Delhi Capitals","MA Starc","run out (†Raghuvanshi/Kartik Tyagi)","0","2","2","0","0","0"
"51","Delhi Capitals","L Ngidi","not out","1","1","2","0","0","100"
"51","Kolkata Knight Riders","AM Rahane (c)","run out (Starc)","13","9","13","1","1","144.44"
"51","Kolkata Knight Riders","FH Allen","not out","100","47","65","5","10","212.76"
"51","Kolkata Knight Riders","A Raghuvanshi †","b Patel","1","3","2","0","0","33.33"
"51","Kolkata Knight Riders","C Green","not out","33","27","49","0","2","122.22"
"52","Gujarat Titans","B Sai Sudharsan","c Archer b Yash Raj Punja","55","36","57","6","2","152.77"
"52","Gujarat Titans","Shubman Gill (c)","c Deshpande b Brijesh Sharma","84","44","85","9","3","190.9"
"52","Gujarat Titans","JC Buttler †","c Ferreira b Jadeja","13","10","9","1","1","130"
"52","Gujarat Titans","Washington Sundar","not out","37","20","37","2","3","185"
"52","Gujarat Titans","JO Holder","c Jaiswal b Brijesh Sharma","7","7","10","1","0","100"
"52","Gujarat Titans","R Tewatia","not out","14","4","9","0","2","350"
"52","Rajasthan Royals","YBK Jaiswal (c)","c Sindhu b Rabada","3","4","22","0","0","75"
"52","Rajasthan Royals","V Sooryavanshi","c Arshad Khan b Mohammed Siraj","36","16","18","3","3","225"
"52","Rajasthan Royals","DC Jurel †","b Rashid Khan","24","10","26","1","3","240"
"52","Rajasthan Royals","SO Hetmyer","c Holder b Rabada","6","7","10","1","0","85.71"
"52","Rajasthan Royals","RA Jadeja","lbw b Rashid Khan","38","25","39","3","2","152"
"52","Rajasthan Royals","D Ferreira","b Rashid Khan","4","2","1","1","0","200"
"52","Rajasthan Royals","SB Dubey","b Rashid Khan","15","14","14","1","1","107.14"
"52","Rajasthan Royals","MD Shanaka","c Shubman Gill b Holder","16","11","27","2","0","145.45"
"52","Rajasthan Royals","JC Archer","c †Buttler b Holder","5","6","5","1","0","83.33"
"52","Rajasthan Royals","TU Deshpande","c Washington Sundar b Holder","1","3","10","0","0","33.33"
"52","Rajasthan Royals","Brijesh Sharma","not out","1","1","2","0","0","100"
"53","Lucknow Super Giants","JP Inglis","c †Samson b Overton","85","33","55","10","6","257.57"
"53","Lucknow Super Giants","MR Marsh","c Brevis b Kamboj","10","10","28","0","1","100"
"53","Lucknow Super Giants","N Pooran","c sub (SN Khan) b Noor Ahmad","1","3","11","0","0","33.33"
"53","Lucknow Super Giants","RR Pant (c) †","b Overton","15","12","16","2","0","125"
"53","Lucknow Super Giants","AK Markram","run out (Brevis)","6","7","15","0","0","85.71"
"53","Lucknow Super Giants","Akshat Raghuwanshi","c Patel b Overton","18","18","26","1","0","100"
"53","Lucknow Super Giants","Shahbaz Ahmed","not out","43","25","48","3","3","172"
"53","Lucknow Super Giants","Himmat Singh","b Kamboj","17","12","30","1","1","141.66"
"53","Lucknow Super Giants","Mohammed Shami","run out (†Samson/Kamboj)","0","1","1","0","0","0"
"53","Lucknow Super Giants","Avesh Khan","not out","0","0","1","0","0","-"
"53","Chennai Super Kings","SV Samson †","b Rathi","28","14","18","3","2","200"
"53","Chennai Super Kings","RD Gaikwad (c)","b Shahbaz Ahmed","42","28","69","3","2","150"
"53","Chennai Super Kings","UM Patel","c Avesh Khan b Shahbaz Ahmed","65","23","33","2","8","282.6"
"53","Chennai Super Kings","Kartik Sharma","c Akshat Raghuwanshi b Avesh Khan","20","20","39","1","0","100"
"53","Chennai Super Kings","D Brevis","b Rathi","10","12","17","1","0","83.33"
"53","Chennai Super Kings","S Dube","not out","15","7","24","0","2","214.28"
"53","Chennai Super Kings","PR Veer","not out","17","12","22","0","2","141.66"
"54","Mumbai Indians","RD Rickelton †","c Patidar b Kumar","2","4","4","0","0","50"
"54","Mumbai Indians","RG Sharma","c †Sharma b Kumar","22","10","14","2","2","220"
"54","Mumbai Indians","Naman Dhir","b Rasikh Salam","47","32","60","5","2","146.87"
"54","Mumbai Indians","SA Yadav (c)","c Kohli b Kumar","0","1","1","0","0","0"
"54","Mumbai Indians","NT Tilak Varma","b Kumar","57","42","79","3","2","135.71"
"54","Mumbai Indians","WG Jacks","c Bethell b Shepherd","10","10","14","1","0","100"
"54","Mumbai Indians","RA Bawa","c Patidar b Hazlewood","16","14","19","1","0","114.28"
"54","Mumbai Indians","C Bosch","not out","5","5","11","0","0","100"
"54","Mumbai Indians","DL Chahar","not out","1","2","4","0","0","50"
"54","Royal Challengers Bengaluru","JG Bethell","c Tilak Varma b Bosch","27","27","65","2","0","100"
"54","Royal Challengers Bengaluru","V Kohli","c Bawa b Chahar","0","1","4","0","0","0"
"54","Royal Challengers Bengaluru","D Padikkal","c †Rickelton b Chahar","12","11","11","1","1","109.09"
"54","Royal Challengers Bengaluru","RM Patidar (c)","c †Rickelton b Bosch","8","8","11","1","0","100"
"54","Royal Challengers Bengaluru","KH Pandya","c Tilak Varma b Ghazanfar","73","46","79","4","5","158.69"
"54","Royal Challengers Bengaluru","JM Sharma †","c Naman Dhir b Bosch","18","12","23","1","2","150"
"54","Royal Challengers Bengaluru","TH David","c †Rickelton b Bosch","0","1","1","0","0","0"
"54","Royal Challengers Bengaluru","R Shepherd","c Tilak Varma b Bawa","4","11","29","0","0","36.36"
"54","Royal Challengers Bengaluru","Rasikh Salam","not out","3","2","18","0","0","150"
"54","Royal Challengers Bengaluru","B Kumar","not out","7","2","5","0","1","350"
"55","Punjab Kings","P Arya","c Parakh b Tiwari","56","33","54","2","6","169.69"
"55","Punjab Kings","Prabhsimran Singh †","c Auqib Nabi b Mukesh Kumar","18","15","42","3","0","120"
"55","Punjab Kings","SS Iyer (c)","not out","59","36","72","5","3","163.88"
"55","Punjab Kings","CPL Connolly","c Miller b Tiwari","38","27","46","3","2","140.74"
"55","Punjab Kings","MP Stoinis","c Tiwari b Starc","1","2","3","0","0","50"
"55","Punjab Kings","Shashank Singh","c Patel b Starc","0","1","1","0","0","0"
"55","Punjab Kings","Suryansh Shedge","not out","21","8","8","2","2","262.5"
"55","Delhi Capitals","KL Rahul †","c Jansen b Arshdeep Singh","9","8","14","2","0","112.5"
"55","Delhi Capitals","Abishek Porel","b Yash Thakur","5","6","9","1","0","83.33"
"55","Delhi Capitals","SU Parakh","c Chahal b Arshdeep Singh","13","6","14","1","1","216.66"
"55","Delhi Capitals","T Stubbs","run out (Connolly)","12","17","30","1","0","70.58"
"55","Delhi Capitals","AR Patel (c)","c Dwarshuis b Stoinis","56","30","49","8","2","186.66"
"55","Delhi Capitals","DA Miller","c †Prabhsimran Singh b Dwarshuis","51","28","42","3","4","182.14"
"55","Delhi Capitals","AR Sharma","c sub (P Dubey) b Yash Thakur","24","10","27","2","2","240"
"55","Delhi Capitals","M Tiwari","not out","18","8","14","2","1","225"
"55","Delhi Capitals","Auqib Nabi","not out","10","2","2","1","1","500"
"56","Gujarat Titans","B Sai Sudharsan","c Hinge b Sakib Hussain","61","44","86","5","2","138.63"
"56","Gujarat Titans","Shubman Gill (c)","c Klaasen b Hinge","5","7","11","1","0","71.42"
"56","Gujarat Titans","JC Buttler †","c †Ishan Kishan b Hinge","7","11","14","1","0","63.63"
"56","Gujarat Titans","N Sindhu","c Klaasen b Cummins","22","14","24","3","1","157.14"
"56","Gujarat Titans","Washington Sundar","c †Ishan Kishan b Sakib Hussain","50","33","56","7","1","151.51"
"56","Gujarat Titans","JO Holder","not out","11","10","21","0","0","110"
"56","Gujarat Titans","R Tewatia","not out","4","1","1","1","0","400"
"56","Sunrisers Hyderabad","TM Head","c Sindhu b Mohammed Siraj","0","4","3","0","0","0"
"56","Sunrisers Hyderabad","Abhishek Sharma","b Rabada","6","4","8","0","1","150"
"56","Sunrisers Hyderabad","Ishan Kishan †","c †Buttler b Rabada","11","7","12","1","1","157.14"
"56","Sunrisers Hyderabad","R Smaran","c Shubman Gill b Rabada","9","15","20","1","0","60"
"56","Sunrisers Hyderabad","H Klaasen","c †Buttler b Holder","14","16","35","2","0","87.5"
"56","Sunrisers Hyderabad","S Arora","c †Buttler b Prasidh Krishna","16","13","19","3","0","123.07"
"56","Sunrisers Hyderabad","K Nitish Kumar Reddy","c Washington Sundar b Holder","2","4","8","0","0","50"
"56","Sunrisers Hyderabad","PJ Cummins (c)","c Mohammed Siraj b Prasidh Krishna","19","9","23","1","2","211.11"
"56","Sunrisers Hyderabad","Shivang Kumar","c †Buttler b Holder","4","6","8","0","0","66.66"
"56","Sunrisers Hyderabad","PP Hinge","st †Buttler b Rashid Khan","3","8","14","0","0","37.5"
"56","Sunrisers Hyderabad","E Malinga","not out","0","3","4","0","0","0"
"57","Kolkata Knight Riders","AM Rahane (c)","c & b Hazlewood","19","13","23","3","1","146.15"
"57","Kolkata Knight Riders","FH Allen","c †Sharma b Kumar","18","8","11","3","1","225"
"57","Kolkata Knight Riders","A Raghuvanshi †","run out (Padikkal/Kumar)","71","46","83","7","3","154.34"
"57","Kolkata Knight Riders","C Green","b Rasikh Salam","32","24","34","3","1","133.33"
"57","Kolkata Knight Riders","RK Singh","not out","49","29","37","3","2","168.96"
"57","Royal Challengers Bengaluru","JG Bethell","c & b Kartik Tyagi","15","12","16","2","1","125"
"57","Royal Challengers Bengaluru","V Kohli","not out","105","60","108","11","3","175"
"57","Royal Challengers Bengaluru","D Padikkal","c Rahane b Kartik Tyagi","39","27","52","7","0","144.44"
"57","Royal Challengers Bengaluru","RM Patidar (c)","c Rahane b Narine","11","8","17","0","1","137.5"
"57","Royal Challengers Bengaluru","TH David","c Pandey b Kartik Tyagi","2","3","9","0","0","66.66"
"57","Royal Challengers Bengaluru","JM Sharma †","not out","8","5","8","1","0","160"
"58","Punjab Kings","P Arya","b Chahar","22","17","25","4","0","129.41"
"58","Punjab Kings","Prabhsimran Singh","c Bosch b Thakur","57","32","53","6","4","178.12"
"58","Punjab Kings","CPL Connolly","b Bawa","21","22","35","2","1","95.45"
"58","Punjab Kings","SS Iyer (c)","b Thakur","4","2","2","1","0","200"
"58","Punjab Kings","Suryansh Shedge","c Bawa b Thakur","8","5","12","0","1","160"
"58","Punjab Kings","Shashank Singh","lbw b Bosch","2","3","13","0","0","66.66"
"58","Punjab Kings","Azmatullah Omarzai","c Jacks b Chahar","38","17","26","2","4","223.52"
"58","Punjab Kings","M Jansen","b Thakur","2","7","10","0","0","28.57"
"58","Punjab Kings","Vishnu Vinod †","not out","15","8","18","1","1","187.5"
"58","Punjab Kings","XC Bartlett","not out","18","7","11","2","1","257.14"
"58","Mumbai Indians","RG Sharma","b Chahal","25","26","48","0","2","96.15"
"58","Mumbai Indians","RD Rickelton †","c Arya b Azmatullah Omarzai","48","23","29","4","4","208.69"
"58","Mumbai Indians","Naman Dhir","c Arshdeep Singh b Jansen","9","6","9","0","1","150"
"58","Mumbai Indians","NT Tilak Varma","not out","75","33","66","6","6","227.27"
"58","Mumbai Indians","SE Rutherford","c Bartlett b Azmatullah Omarzai","20","21","38","1","1","95.23"
"58","Mumbai Indians","WG Jacks","not out","25","10","21","2","2","250"
"60","Kolkata Knight Riders","AM Rahane (c)","b Mohammed Siraj","14","14","21","1","1","100"
"60","Kolkata Knight Riders","FH Allen","c Rashid Khan b Sai Kishore","93","35","60","4","10","265.71"
"60","Kolkata Knight Riders","A Raghuvanshi †","not out","82","44","83","4","7","186.36"
"60","Kolkata Knight Riders","C Green","not out","52","28","44","3","4","185.71"
"60","Gujarat Titans","B Sai Sudharsan","not out","53","28","38","6","3","189.28"
"60","Gujarat Titans","Shubman Gill (c)","c Roy b Narine","85","49","96","5","7","173.46"
"60","Gujarat Titans","N Sindhu","c Pandey b Narine","1","4","7","0","0","25"
"60","Gujarat Titans","JC Buttler †","c sub (Ramandeep Singh) b Dubey","57","35","86","5","2","162.85"
"60","Gujarat Titans","R Tewatia","c †Raghuvanshi b Green","2","4","6","0","0","50"
"62","Rajasthan Royals","YBK Jaiswal","c Starc b Ngidi","12","9","9","3","0","133.33"
"62","Rajasthan Royals","V Sooryavanshi","c Miller b Tiwari","46","21","41","5","3","219.04"
"62","Rajasthan Royals","DC Jurel †","lbw b Ngidi","53","40","100","5","2","132.5"
"62","Rajasthan Royals","R Parag (c)","c Patel b Starc","51","26","34","3","5","196.15"
"62","Rajasthan Royals","D Ferreira","c Patel b Starc","0","1","1","0","0","0"
"62","Rajasthan Royals","Ravi Singh","lbw b Starc","4","2","2","1","0","200"
"62","Rajasthan Royals","SB Dubey","c Vijay b Tiwari","5","9","9","0","0","55.55"
"62","Rajasthan Royals","MD Shanaka","c Stubbs b Starc","10","8","9","0","1","125"
"62","Rajasthan Royals","JC Archer","not out","2","2","9","0","0","100"
"62","Rajasthan Royals","AF Milne","not out","2","2","2","0","0","100"
"62","Delhi Capitals","Abishek Porel","c Ferreira b Brijesh Sharma","51","31","57","7","1","164.51"
"62","Delhi Capitals","KL Rahul †","b Shanaka","56","42","82","1","3","133.33"
"62","Delhi Capitals","SU Parakh","c †Jurel b Archer","9","8","11","1","0","112.5"
"62","Delhi Capitals","AR Patel (c)","not out","34","18","43","2","2","188.88"
"62","Delhi Capitals","T Stubbs","c Jaiswal b Archer","4","6","13","0","0","66.66"
"62","Delhi Capitals","DA Miller","c Shanaka b Brijesh Sharma","9","6","9","0","1","150"
"62","Delhi Capitals","AR Sharma","not out","18","5","7","1","2","360"
"63","Chennai Super Kings","SV Samson †","c †Ishan Kishan b Cummins","27","13","14","5","1","207.69"
"63","Chennai Super Kings","RD Gaikwad (c)","c Malinga b Cummins","15","21","65","0","0","71.42"
"63","Chennai Super Kings","UM Patel","b Sakib Hussain","13","8","12","0","2","162.5"
"63","Chennai Super Kings","Kartik Sharma","c Nitish Kumar Reddy b Cummins","32","19","25","3","2","168.42"
"63","Chennai Super Kings","D Brevis","b Malinga","44","27","45","2","4","162.96"
"63","Chennai Super Kings","S Dube","b Sakib Hussain","26","23","40","3","1","113.04"
"63","Chennai Super Kings","PR Veer","c & b Hinge","11","9","13","2","0","122.22"
"63","Chennai Super Kings","AJ Hosein","not out","3","1","8","0","0","300"
"63","Sunrisers Hyderabad","Abhishek Sharma","c Johnson b Hosein","26","21","40","3","1","123.8"
"63","Sunrisers Hyderabad","TM Head","c & b Mukesh Choudhary","6","6","13","1","0","100"
"63","Sunrisers Hyderabad","Ishan Kishan †","c Patel b Kamboj","70","47","96","7","3","148.93"
"63","Sunrisers Hyderabad","H Klaasen","st †Samson b Noor Ahmad","47","26","39","6","2","180.76"
"63","Sunrisers Hyderabad","K Nitish Kumar Reddy","c Patel b Mukesh Choudhary","11","7","17","1","0","157.14"
"63","Sunrisers Hyderabad","S Arora","not out","10","5","13","0","1","200"
"63","Sunrisers Hyderabad","R Smaran","not out","5","2","3","1","0","250"
"64","Lucknow Super Giants","MR Marsh","run out (Jaiswal)","96","57","113","11","5","168.42"
"64","Lucknow Super Giants","JP Inglis","b Yash Raj Punja","60","29","44","7","3","206.89"
"64","Lucknow Super Giants","N Pooran","c Ferreira b Yash Raj Punja","16","11","22","0","2","145.45"
"64","Lucknow Super Giants","RR Pant (c) †","run out (†Jurel/Archer)","35","23","37","2","2","152.17"
"64","Lucknow Super Giants","Abdul Samad","not out","0","0","8","0","0","-"
"64","Lucknow Super Giants","A Badoni","b Archer","0","1","1","0","0","0"
"64","Rajasthan Royals","YBK Jaiswal (c)","c †Pant b Akash Singh","43","23","36","8","1","186.95"
"64","Rajasthan Royals","V Sooryavanshi","c Abdul Samad b Mohsin Khan","93","38","75","7","10","244.73"
"64","Rajasthan Royals","DC Jurel †","not out","53","38","69","3","3","139.47"
"64","Rajasthan Royals","LG Pretorius","run out (Badoni)","7","6","13","0","0","116.66"
"64","Rajasthan Royals","D Ferreira","not out","16","10","16","1","1","160"
"65","Mumbai Indians","RD Rickelton †","c Pandey b Green","6","7","12","1","0","85.71"
"65","Mumbai Indians","RG Sharma","c Green b Dubey","15","13","21","0","2","115.38"
"65","Mumbai Indians","Naman Dhir","c Raghuvanshi b Green","0","3","3","0","0","0"
"65","Mumbai Indians","SA Yadav","b Dubey","15","6","15","2","1","250"
"65","Mumbai Indians","NT Tilak Varma","c Roy b Kartik Tyagi","20","32","49","0","1","62.5"
"65","Mumbai Indians","HH Pandya (c)","b Narine","26","27","51","2","1","96.29"
"65","Mumbai Indians","WG Jacks","run out (Singh/Varun)","14","7","18","1","1","200"
"65","Mumbai Indians","C Bosch","not out","32","18","25","3","2","177.77"
"65","Mumbai Indians","DL Chahar","c Roy b Kartik Tyagi","10","7","19","2","0","142.85"
"65","Kolkata Knight Riders","AM Rahane (c)","c †Rickelton b Bosch","21","17","30","4","0","123.52"
"65","Kolkata Knight Riders","FH Allen","b Chahar","8","5","6","2","0","160"
"65","Kolkata Knight Riders","MK Pandey","b Bumrah","45","33","70","6","0","136.36"
"65","Kolkata Knight Riders","C Green","c Ghazanfar b Bosch","4","8","6","0","0","50"
"65","Kolkata Knight Riders","R Powell","c Bosch b Ghazanfar","40","30","43","4","2","133.33"
"65","Kolkata Knight Riders","RK Singh","not out","9","5","23","2","0","180"
"65","Kolkata Knight Riders","T Dahiya †","c †Rickelton b Bosch","11","12","13","2","0","91.66"
"65","Kolkata Knight Riders","AS Roy","not out","4","4","4","0","0","100"
"66","Gujarat Titans","B Sai Sudharsan","c Short b Kamboj","84","53","106","7","4","158.49"
"66","Gujarat Titans","Shubman Gill (c)","c Dube b Johnson","64","37","69","7","3","172.97"
"66","Gujarat Titans","JC Buttler †","not out","57","27","46","5","4","211.11"
"66","Gujarat Titans","R Tewatia","run out (Gaikwad)","0","1","1","0","0","0"
"66","Gujarat Titans","Washington Sundar","c Patel b Mukesh Choudhary","7","3","8","0","1","233.33"
"66","Chennai Super Kings","SV Samson †","c †Buttler b Mohammed Siraj","0","1","1","0","0","0"
"66","Chennai Super Kings","MW Short","c Prasidh Krishna b Rabada","24","14","28","3","1","171.42"
"66","Chennai Super Kings","RD Gaikwad (c)","b Mohammed Siraj","16","7","10","1","2","228.57"
"66","Chennai Super Kings","UM Patel","c Prasidh Krishna b Mohammed Siraj","0","2","3","0","0","0"
"66","Chennai Super Kings","Kartik Sharma","run out (Shubman Gill)","19","15","20","3","0","126.66"
"66","Chennai Super Kings","D Brevis","c Holder b Rashid Khan","8","10","43","0","0","80"
"66","Chennai Super Kings","S Dube","c Shubman Gill b Rashid Khan","47","17","21","4","4","276.47"
"66","Chennai Super Kings","A Kamboj","c Holder b Rashid Khan","19","8","8","1","2","237.5"
"66","Chennai Super Kings","Noor Ahmad","c & b Rabada","1","5","6","0","0","20"
"66","Chennai Super Kings","Mukesh Choudhary","not out","2","2","5","0","0","100"
"66","Chennai Super Kings","SH Johnson","c †Buttler b Rabada","0","1","1","0","0","0"
"67","Sunrisers Hyderabad","Abhishek Sharma","c sub (JM Cox) b Suyash Sharma","56","22","43","4","5","254.54"
"67","Sunrisers Hyderabad","TM Head","b Rasikh Salam","26","16","18","5","0","162.5"
"67","Sunrisers Hyderabad","Ishan Kishan †","c Padikkal b Rasikh Salam","79","46","92","8","3","171.73"
"67","Sunrisers Hyderabad","H Klaasen","c Iyer b Pandya","51","24","49","2","5","212.5"
"67","Sunrisers Hyderabad","K Nitish Kumar Reddy","not out","29","12","17","1","3","241.66"
"67","Royal Challengers Bengaluru","VR Iyer","c Abhishek Sharma b Malinga","44","19","28","4","4","231.57"
"67","Royal Challengers Bengaluru","V Kohli","c Smaran b Sakib Hussain","15","11","36","2","0","136.36"
"67","Royal Challengers Bengaluru","D Padikkal","c Abhishek Sharma b Malinga","21","14","24","2","1","150"
"67","Royal Challengers Bengaluru","RM Patidar (c)","c Smaran b Head","56","39","70","6","1","143.58"
"67","Royal Challengers Bengaluru","KH Pandya","not out","41","31","60","5","0","132.25"
"67","Royal Challengers Bengaluru","TH David","not out","15","7","7","1","1","214.28"
"68","Lucknow Super Giants","JP Inglis","c Iyer b Shashank Singh","72","44","90","9","2","163.63"
"68","Lucknow Super Giants","AA Kulkarni","c †Prabhsimran Singh b Azmatullah Omarzai","0","1","6","0","0","0"
"68","Lucknow Super Giants","N Pooran","b Jansen","2","7","8","0","0","28.57"
"68","Lucknow Super Giants","A Badoni","st †Prabhsimran Singh b Chahal","43","18","19","5","3","238.88"
"68","Lucknow Super Giants","RR Pant (c) †","c Jansen b Chahal","26","22","33","3","0","118.18"
"68","Lucknow Super Giants","Abdul Samad","not out","37","20","35","3","3","185"
"68","Lucknow Super Giants","MD Choudhary","c sub (P Dubey) b Jansen","1","3","3","0","0","33.33"
"68","Lucknow Super Giants","AS Tendulkar","not out","5","5","14","0","0","100"
"68","Punjab Kings","P Arya","c Tendulkar b Mohammed Shami","0","1","1","0","0","0"
"68","Punjab Kings","Prabhsimran Singh †","lbw b Tendulkar","69","39","77","7","2","176.92"
"68","Punjab Kings","CPL Connolly","b Mohammed Shami","18","10","11","4","0","180"
"68","Punjab Kings","SS Iyer (c)","not out","101","51","81","11","5","198.03"
"68","Punjab Kings","Suryansh Shedge","not out","9","7","13","1","0","128.57"
"69","Rajasthan Royals","YBK Jaiswal","c Bosch b Jacks","27","17","22","1","3","158.82"
"69","Rajasthan Royals","V Sooryavanshi","c Naman Dhir b Chahar","4","6","26","0","0","66.66"
"69","Rajasthan Royals","DC Jurel †","b Bosch","38","26","49","3","2","146.15"
"69","Rajasthan Royals","R Parag (c)","c Tilak Varma b Ghazanfar","14","8","9","2","1","175"
"69","Rajasthan Royals","MD Shanaka","run out (Thakur/Bosch)","29","15","23","0","3","193.33"
"69","Rajasthan Royals","D Ferreira","c Bosch b Chahar","18","15","29","0","2","120"
"69","Rajasthan Royals","JC Archer","c Tilak Varma b Thakur","32","15","36","1","3","213.33"
"69","Rajasthan Royals","SB Dubey","c Naman Dhir b Thakur","5","6","13","0","0","83.33"
"69","Rajasthan Royals","RA Jadeja","not out","19","11","16","3","0","172.72"
"69","Rajasthan Royals","N Burger","not out","10","3","13","0","1","333.33"
"69","Mumbai Indians","RG Sharma","c †Jurel b Archer","0","4","3","0","0","0"
"69","Mumbai Indians","RD Rickelton †","c Sooryavanshi b Burger","12","7","19","1","1","171.42"
"69","Mumbai Indians","Naman Dhir","b Archer","6","5","9","1","0","120"
"69","Mumbai Indians","SA Yadav","c & b Burger","60","42","92","3","4","142.85"
"69","Mumbai Indians","NT Tilak Varma","b Brijesh Sharma","3","7","10","0","0","42.85"
"69","Mumbai Indians","WG Jacks","c †Jurel b Yash Raj Punja","33","18","36","3","2","183.33"
"69","Mumbai Indians","HH Pandya (c)","c Burger b Archer","34","15","26","3","2","226.66"
"69","Mumbai Indians","C Bosch","c Ferreira b Yash Raj Punja","2","4","4","0","0","50"
"69","Mumbai Indians","SN Thakur","not out","10","11","20","1","0","90.9"
"69","Mumbai Indians","DL Chahar","lbw b Brijesh Sharma","8","5","5","0","1","160"
"69","Mumbai Indians","AM Ghazanfar","not out","2","3","6","0","0","66.66"
"70","Delhi Capitals","Abishek Porel †","c †Dahiya b Dubey","22","18","24","4","0","122.22"
"70","Delhi Capitals","KL Rahul","c Powell b Roy","60","30","67","5","4","200"
"70","Delhi Capitals","SU Parakh","c Rahane b Narine","24","17","24","3","1","141.17"
"70","Delhi Capitals","AR Patel (c)","c Singh b Varun","39","25","43","3","2","156"
"70","Delhi Capitals","DA Miller","c Allen b Dubey","28","19","47","0","3","147.36"
"70","Delhi Capitals","AR Sharma","not out","18","11","22","2","1","163.63"
"70","Delhi Capitals","T Stubbs","not out","0","1","2","0","0","0"
"70","Kolkata Knight Riders","AM Rahane (c)","c Miller b Kuldeep Yadav","63","39","71","4","4","161.53"
"70","Kolkata Knight Riders","FH Allen","b Ngidi","20","13","23","3","1","153.84"
"70","Kolkata Knight Riders","MK Pandey","c Starc b Ngidi","25","16","19","2","2","156.25"
"70","Kolkata Knight Riders","C Green","c Miller b Kuldeep Yadav","2","3","5","0","0","66.66"
"70","Kolkata Knight Riders","R Powell","run out (sub [Sameer Rizvi])","29","21","41","3","1","138.09"
"70","Kolkata Knight Riders","RK Singh","c Stubbs b Kuldeep Yadav","0","1","1","0","0","0"
"70","Kolkata Knight Riders","T Dahiya †","b Patel","1","3","3","0","0","33.33"
"70","Kolkata Knight Riders","AS Roy","c & b Starc","9","8","17","1","0","112.5"
"70","Kolkata Knight Riders","Kartik Tyagi","c Patel b Starc","0","1","3","0","0","0"
"70","Kolkata Knight Riders","CV Varun","c Patel b Ngidi","5","5","7","1","0","100"
"70","Kolkata Knight Riders","SR Dubey","not out","4","2","5","1","0","200"
"71","Royal Challengers Bengaluru","VR Iyer","c Shubman Gill b Rabada","19","7","9","3","1","271.42"
"71","Royal Challengers Bengaluru","V Kohli","b Holder","43","25","40","5","1","172"
"71","Royal Challengers Bengaluru","D Padikkal","c †Buttler b Holder","30","19","33","5","0","157.89"
"71","Royal Challengers Bengaluru","RM Patidar (c)","not out","93","33","66","5","9","281.81"
"71","Royal Challengers Bengaluru","KH Pandya","c Sai Sudharsan b Rabada","43","28","41","5","2","153.57"
"71","Royal Challengers Bengaluru","TH David","b Prasidh Krishna","4","5","10","0","0","80"
"71","Royal Challengers Bengaluru","JM Sharma †","not out","15","5","11","1","1","300"
"71","Gujarat Titans","B Sai Sudharsan","hit wicket b Duffy","14","9","12","3","0","155.55"
"71","Gujarat Titans","Shubman Gill (c)","b Kumar","2","7","17","0","0","28.57"
"71","Gujarat Titans","JC Buttler †","b Hazlewood","29","11","12","4","2","263.63"
"71","Gujarat Titans","N Sindhu","c & b Rasikh Salam","5","3","11","1","0","166.66"
"71","Gujarat Titans","Washington Sundar","c Hazlewood b Duffy","8","8","20","1","0","100"
"71","Gujarat Titans","JO Holder","c Hazlewood b Rasikh Salam","0","3","2","0","0","0"
"71","Gujarat Titans","R Tewatia","c Patidar b Kumar","68","43","68","8","4","158.13"
"71","Gujarat Titans","Rashid Khan","c †Sharma b Duffy","8","9","9","0","1","88.88"
"71","Gujarat Titans","K Rabada","c Kohli b Pandya","9","5","6","2","0","180"
"71","Gujarat Titans","Mohammed Siraj","c David b Pandya","5","13","40","1","0","38.46"
"71","Gujarat Titans","M Prasidh Krishna","not out","6","7","5","1","0","85.71"
"72","Rajasthan Royals","YBK Jaiswal","c Abhishek Sharma b Shivang Kumar","29","29","56","4","0","100"
"72","Rajasthan Royals","V Sooryavanshi","c Smaran b Hinge","97","29","45","5","12","334.48"
"72","Rajasthan Royals","DC Jurel †","c Nitish Kumar Reddy b Hinge","50","21","27","5","3","238.09"
"72","Rajasthan Royals","R Parag (c)","c Klaasen b Hinge","26","12","29","2","2","216.66"
"72","Rajasthan Royals","D Ferreira","run out (Shivang Kumar/†Ishan Kishan)","12","9","27","1","0","133.33"
"72","Rajasthan Royals","MD Shanaka","c Abhishek Sharma b Malinga","5","3","5","1","0","166.66"
"72","Rajasthan Royals","RA Jadeja","not out","12","9","21","1","0","133.33"
"72","Rajasthan Royals","JC Archer","c Abhishek Sharma b Nitish Kumar Reddy","4","5","3","1","0","80"
"72","Rajasthan Royals","N Burger","run out (Malinga/†Ishan Kishan)","1","1","2","0","0","100"
"72","Rajasthan Royals","SS Mishra","not out","1","3","3","0","0","33.33"
"72","Sunrisers Hyderabad","Abhishek Sharma","c †Jurel b Archer","0","2","2","0","0","0"
"72","Sunrisers Hyderabad","TM Head","b Archer","17","8","26","2","1","212.5"
"72","Sunrisers Hyderabad","Ishan Kishan †","c Ferreira b Archer","33","11","13","3","3","300"
"72","Sunrisers Hyderabad","R Smaran","c Archer b Burger","1","4","3","0","0","25"
"72","Sunrisers Hyderabad","H Klaasen","lbw b Yash Raj Punja","18","10","17","2","1","180"
"72","Sunrisers Hyderabad","K Nitish Kumar Reddy","c Shanaka b Jadeja","38","20","32","3","2","190"
"72","Sunrisers Hyderabad","S Arora","c Burger b Jadeja","35","21","39","2","2","166.66"
"72","Sunrisers Hyderabad","PJ Cummins (c)","c Archer b Mishra","1","2","3","0","0","50"
"72","Sunrisers Hyderabad","Shivang Kumar","c Sooryavanshi b Mishra","27","24","43","3","0","112.5"
"72","Sunrisers Hyderabad","E Malinga","c Archer b Burger","5","8","12","0","0","62.5"
"72","Sunrisers Hyderabad","Sakib Hussain","not out","5","7","14","1","0","71.42"
"73","Rajasthan Royals","YBK Jaiswal","c Prasidh Krishna b Mohammed Siraj","1","2","3","0","0","50"
"73","Rajasthan Royals","V Sooryavanshi","c Prasidh Krishna b Rabada","96","47","104","8","7","204.25"
"73","Rajasthan Royals","DC Jurel †","c Shubman Gill b Rabada","7","6","5","1","0","116.66"
"73","Rajasthan Royals","RA Jadeja","not out","45","35","82","5","1","128.57"
"73","Rajasthan Royals","R Parag (c)","c Rabada b Holder","11","6","7","1","1","183.33"
"73","Rajasthan Royals","MD Shanaka","c †Buttler b Holder","3","9","10","0","0","33.33"
"73","Rajasthan Royals","JC Archer","c †Buttler b Prasidh Krishna","7","4","5","0","1","175"
"73","Rajasthan Royals","D Ferreira","not out","38","11","13","2","4","345.45"
"73","Gujarat Titans","B Sai Sudharsan","hit wicket b Brijesh Sharma","58","32","67","8","1","181.25"
"73","Gujarat Titans","Shubman Gill (c)","lbw b Archer","104","53","77","15","3","196.22"
"73","Gujarat Titans","JC Buttler †","not out","9","9","32","0","0","100"
"73","Gujarat Titans","Washington Sundar","c Ferreira b Burger","16","9","10","2","1","177.77"
"73","Gujarat Titans","R Tewatia","not out","17","9","9","2","1","188.88"
"74","Gujarat Titans","B Sai Sudharsan","c †Sharma b Kumar","12","12","20","2","0","100"
"74","Gujarat Titans","Shubman Gill (c)","c Patidar b Hazlewood","10","8","13","2","0","125"
"74","Gujarat Titans","N Sindhu","c Padikkal b Rasikh Salam","20","18","26","3","0","111.11"
"74","Gujarat Titans","JC Buttler †","st †Sharma b Pandya","19","23","40","1","0","82.6"
"74","Gujarat Titans","Washington Sundar","not out","50","37","66","5","0","135.13"
"74","Gujarat Titans","Arshad Khan","c Rasikh Salam b Hazlewood","15","6","10","0","2","250"
"74","Gujarat Titans","R Tewatia","c Patidar b Rasikh Salam","7","5","12","1","0","140"
"74","Gujarat Titans","JO Holder","c Hazlewood b Kumar","7","5","13","1","0","140"
"74","Gujarat Titans","Rashid Khan","c Shepherd b Rasikh Salam","7","3","4","0","1","233.33"
"74","Gujarat Titans","K Rabada","not out","3","3","3","0","0","100"
"74","Royal Challengers Bengaluru","VR Iyer","c Rabada b Mohammed Siraj","32","16","25","4","2","200"
"74","Royal Challengers Bengaluru","V Kohli","not out","75","42","102","9","3","178.57"
"74","Royal Challengers Bengaluru","D Padikkal","c Arshad Khan b Rabada","1","4","4","0","0","25"
"74","Royal Challengers Bengaluru","RM Patidar (c)","c Rabada b Rashid Khan","15","13","18","1","1","115.38"
"74","Royal Challengers Bengaluru","KH Pandya","lbw b Rashid Khan","1","2","2","0","0","50"
"74","Royal Challengers Bengaluru","TH David","c †Buttler b Arshad Khan","24","17","28","3","1","141.17"
"74","Royal Challengers Bengaluru","JM Sharma †","not out","11","14","22","1","0","78.57"